/*
SQLyog v10.2 
MySQL - 5.5.5-10.2.14-MariaDB-log : Database - ym_new
*********************************************************************
*/


/*!40101 SET NAMES utf8 */;

/*!40101 SET SQL_MODE=''*/;

/*!40014 SET @OLD_UNIQUE_CHECKS=@@UNIQUE_CHECKS, UNIQUE_CHECKS=0 */;
/*!40014 SET @OLD_FOREIGN_KEY_CHECKS=@@FOREIGN_KEY_CHECKS, FOREIGN_KEY_CHECKS=0 */;
/*!40101 SET @OLD_SQL_MODE=@@SQL_MODE, SQL_MODE='NO_AUTO_VALUE_ON_ZERO' */;
/*!40111 SET @OLD_SQL_NOTES=@@SQL_NOTES, SQL_NOTES=0 */;
CREATE DATABASE /*!32312 IF NOT EXISTS*/`ym_new` /*!40100 DEFAULT CHARACTER SET utf8 */;

USE `ym_new`;

/*Table structure for table `sys_menu` */

DROP TABLE IF EXISTS `sys_menu`;

CREATE TABLE `sys_menu` (
  `id` int(11) unsigned NOT NULL AUTO_INCREMENT COMMENT '菜单id',
  `pid` int(11) unsigned NOT NULL DEFAULT 0 COMMENT '上级菜单，0为顶级菜单',
  `mc` varchar(32) NOT NULL DEFAULT '' COMMENT '菜单名称',
  `url` varchar(100) NOT NULL DEFAULT '' COMMENT '图标url',
  `px` int(11) unsigned NOT NULL DEFAULT 100 COMMENT '排序,小靠前',
  `zt` tinyint(3) unsigned NOT NULL DEFAULT 1 COMMENT '菜单状态：0代表删除，1代表正常，2代表停用',
  `cjsj` datetime DEFAULT NULL COMMENT '创建时间',
  `gxsj` datetime DEFAULT NULL COMMENT '更新时间',
  PRIMARY KEY (`id`)
) ENGINE=InnoDB AUTO_INCREMENT=28 DEFAULT CHARSET=utf8 COMMENT='菜单表';

/*Data for the table `sys_menu` */

insert  into `sys_menu`(`id`,`pid`,`mc`,`url`,`px`,`zt`,`cjsj`,`gxsj`) values (1,0,'系统','/xt',100,0,NULL,NULL),(2,0,'业务','/yw',100,1,NULL,NULL),(13,2,'家庭基本情况','/yw/jt/index',100,1,NULL,NULL),(14,2,'收入登记表','/yw/sr/index',100,1,NULL,NULL),(15,2,'影像资料','/yw/yx/index',100,1,NULL,NULL),(17,1,'用户管理','/admin/user',100,1,NULL,NULL),(18,1,'行政区划维护','/admin/dept',100,1,NULL,NULL),(19,1,'权限管理','/admin/role',100,1,NULL,NULL),(20,1,'菜单管理','/admin/menu',100,1,NULL,NULL),(21,13,'新增家庭基本信息','/yw/jt/add',100,1,NULL,NULL),(22,13,'删除家庭基本信息（批量）','/yw/jt/delAll',100,1,NULL,NULL),(23,13,'删除家庭基本信息','/yw/jt/del',100,1,NULL,NULL),(24,13,'编辑家庭基本信息','/yw/jt/edit',100,1,NULL,NULL),(25,13,'','/yw/jt/getList',100,1,NULL,NULL),(26,2,'安置点','/yw/azd/index',100,1,NULL,NULL),(27,2,'帮扶人','/yw/bfr/index',100,1,NULL,NULL);

/*Table structure for table `sys_role` */

DROP TABLE IF EXISTS `sys_role`;

CREATE TABLE `sys_role` (
  `id` int(11) unsigned NOT NULL AUTO_INCREMENT,
  `mc` varchar(32) NOT NULL DEFAULT '' COMMENT '角色名称',
  `sm` varchar(20) NOT NULL DEFAULT '' COMMENT '角色说明',
  `bz` varchar(300) NOT NULL DEFAULT '' COMMENT '备注',
  `zt` tinyint(4) DEFAULT 1 COMMENT '角色状态：0代表删除，1代表正常，2代表停用',
  `cjsj` datetime DEFAULT NULL COMMENT '创建时间',
  `gxsj` datetime DEFAULT NULL COMMENT '更新时间',
  PRIMARY KEY (`id`)
) ENGINE=InnoDB AUTO_INCREMENT=6 DEFAULT CHARSET=utf8 COMMENT='角色表';

/*Data for the table `sys_role` */

insert  into `sys_role`(`id`,`mc`,`sm`,`bz`,`zt`,`cjsj`,`gxsj`) values (2,'ROLE_admin','超级管理员','超级管理员拥有所有权限',1,NULL,NULL),(3,'ROLE_manager','业务管理员','操作业务的',1,NULL,NULL),(4,'visitor','访问者','只能浏览',1,NULL,NULL),(5,'forbbi','禁用测试','',1,NULL,NULL);

/*Table structure for table `sys_role_menu` */

DROP TABLE IF EXISTS `sys_role_menu`;

CREATE TABLE `sys_role_menu` (
  `id` int(10) unsigned NOT NULL AUTO_INCREMENT,
  `roleid` int(10) unsigned NOT NULL DEFAULT 0 COMMENT '角色id',
  `menuid` int(10) unsigned NOT NULL DEFAULT 0 COMMENT '菜单id',
  PRIMARY KEY (`id`)
) ENGINE=InnoDB AUTO_INCREMENT=23 DEFAULT CHARSET=utf8 COMMENT='角色-菜单-权限关联表';

/*Data for the table `sys_role_menu` */

insert  into `sys_role_menu`(`id`,`roleid`,`menuid`) values (2,2,1),(7,2,16),(8,2,17),(9,2,18),(10,2,19),(11,2,20),(12,3,2),(13,3,13),(14,3,14),(16,3,21),(17,3,22),(18,3,23),(19,3,24),(21,2,26),(22,2,27);

/*Table structure for table `sys_user` */

DROP TABLE IF EXISTS `sys_user`;

CREATE TABLE `sys_user` (
  `id` int(10) unsigned NOT NULL AUTO_INCREMENT,
  `username` varchar(32) NOT NULL DEFAULT '' COMMENT '用户名',
  `password` varchar(100) NOT NULL DEFAULT '' COMMENT '密码',
  `nc` varchar(32) NOT NULL DEFAULT '' COMMENT '昵称',
  `xb` tinyint(3) unsigned NOT NULL DEFAULT 1 COMMENT '性别',
  `dh` varchar(30) NOT NULL DEFAULT '' COMMENT '电话',
  `dzyx` varchar(50) NOT NULL DEFAULT '' COMMENT '电子邮箱',
  `zhyxq` datetime DEFAULT NULL COMMENT '账户有效期',
  `mmyxq` datetime DEFAULT NULL COMMENT '密码有效期',
  `zt` tinyint(3) unsigned NOT NULL DEFAULT 1 COMMENT '用户状态：0代表删除，1代表正常，2代表锁定（停用）',
  `zjdlip` varchar(20) NOT NULL DEFAULT '' COMMENT '最近登陆ip地址',
  PRIMARY KEY (`id`)
) ENGINE=InnoDB AUTO_INCREMENT=4 DEFAULT CHARSET=utf8 COMMENT='系统用户表';

/*Data for the table `sys_user` */

insert  into `sys_user`(`id`,`username`,`password`,`nc`,`xb`,`dh`,`dzyx`,`zhyxq`,`mmyxq`,`zt`,`zjdlip`) values (2,'admin','$2a$10$b7FbBNdjQDgQNbBbn.bCLeEntO6WBm3Ail/zOSJvM7nCTSr/ZBosq','',1,'','',NULL,NULL,1,''),(3,'user','$2a$10$b7FbBNdjQDgQNbBbn.bCLeEntO6WBm3Ail/zOSJvM7nCTSr/ZBosq','',1,'','',NULL,NULL,1,'');

/*Table structure for table `sys_user_role` */

DROP TABLE IF EXISTS `sys_user_role`;

CREATE TABLE `sys_user_role` (
  `id` int(10) unsigned NOT NULL AUTO_INCREMENT,
  `userid` int(10) unsigned NOT NULL DEFAULT 0 COMMENT '用户id',
  `roleid` int(10) unsigned NOT NULL DEFAULT 0 COMMENT '角色id',
  PRIMARY KEY (`id`)
) ENGINE=InnoDB AUTO_INCREMENT=5 DEFAULT CHARSET=utf8 COMMENT='用户与角色关联表';

/*Data for the table `sys_user_role` */

insert  into `sys_user_role`(`id`,`userid`,`roleid`) values (1,2,2),(3,3,3),(4,2,3);

/*Table structure for table `ty_xzqh` */

DROP TABLE IF EXISTS `ty_xzqh`;

CREATE TABLE `ty_xzqh` (
  `id` int(11) unsigned NOT NULL AUTO_INCREMENT,
  `xzqhdm` varchar(20) DEFAULT '' COMMENT '行政区划代码',
  `xzqhmz` varchar(80) DEFAULT '' COMMENT '行政区划名字',
  `xxxzqhmz` varchar(80) DEFAULT '' COMMENT '详细行政区划名字',
  `sjxzqhdm` varchar(20) DEFAULT '' COMMENT '上级行政区划代码',
  `xzqhcj` varchar(10) DEFAULT '' COMMENT '层级',
  `fzjg` varchar(10) DEFAULT '' COMMENT '发证机关',
  `xzqhlb` varchar(20) DEFAULT '' COMMENT '类别',
  `yzbm` varchar(20) DEFAULT '' COMMENT '邮政编码',
  `cjsj` datetime DEFAULT NULL COMMENT '创建时间',
  `gxsj` datetime DEFAULT NULL COMMENT '更新时间',
  PRIMARY KEY (`id`),
  UNIQUE KEY `xzqhdm` (`xzqhdm`)
) ENGINE=InnoDB AUTO_INCREMENT=202 DEFAULT CHARSET=utf8 COMMENT='通用-行政区划表';

/*Data for the table `ty_xzqh` */

insert  into `ty_xzqh`(`id`,`xzqhdm`,`xzqhmz`,`xxxzqhmz`,`sjxzqhdm`,`xzqhcj`,`fzjg`,`xzqhlb`,`yzbm`,`cjsj`,`gxsj`) values (1,'008600000000','中国','中华人民共和国','0','1','','国家','008600','2019-11-09 21:40:00','2019-11-09 21:40:01'),(2,'450100000000','广西省','广西壮族自治区','008600000000','2','桂','省','530000','2019-11-09 21:40:00','2019-11-09 21:40:01'),(3,'450700000000','钦州市','广西壮族自治区钦州市','450100000000','3','桂N','地级市','535000','2019-11-09 21:40:00','2019-11-09 21:40:01'),(4,'450701000000','钦州市市辖区','广西壮族自治区钦州市市辖区','450700000000','4','桂N','市区','535000','2019-11-09 21:40:00','2019-11-09 21:40:01'),(5,'450702000000','钦州市钦南区','广西壮族自治区钦州市钦南区','450700000000','4','桂N','市区','535000','2019-11-09 21:40:00','2019-11-09 21:40:01'),(6,'450703000000','钦州市钦北区','广西壮族自治区钦州市钦北区','450700000000','4','桂N','市区','535000','2019-11-09 21:40:00','2019-11-09 21:40:01'),(7,'450704000000','钦州市灵山县','广西壮族自治区钦州市灵山县','450700000000','4','桂N','县','535400','2019-11-09 21:40:00','2019-11-09 21:40:01'),(8,'450721000000','钦州市浦北县','广西壮族自治区钦州市浦北县','450700000000','4','桂N','县','535300','2019-11-09 21:40:00','2019-11-09 21:40:01'),(9,'450722000000','钦州市浦北县','广西壮族自治区钦州市浦北县','450700000000','4','桂N','县','535300','2019-11-09 21:40:00','2019-11-09 21:40:01'),(10,'450702001000','向阳街道','广西壮族自治区钦州市钦南区向阳街道','450702000000','5','桂N','街道','535000','2019-11-09 21:40:00','2019-11-09 21:40:01'),(11,'450702002000','水东街道','广西壮族自治区钦州市钦南区水东街道','450702000000','5','桂N','街道','535000','2019-11-09 21:40:00','2019-11-09 21:40:01'),(12,'450702003000','文峰街道','广西壮族自治区钦州市钦南区文峰街道','450702000000','5','桂N','街道','535000','2019-11-09 21:40:00','2019-11-09 21:40:01'),(13,'450702004000','南珠街道','广西壮族自治区钦州市钦南区南珠街道','450702000000','5','桂N','街道','535000','2019-11-09 21:40:00','2019-11-09 21:40:01'),(14,'450702005000','尖山街道','广西壮族自治区钦州市钦南区尖山街道','450702000000','5','桂N','街道','535000','2019-11-09 21:40:00','2019-11-09 21:40:01'),(15,'450702100000','沙埠镇','广西壮族自治区钦州市钦南区沙埠镇','450702000000','5','桂N','镇','535011','2019-11-09 21:40:00','2019-11-09 21:40:01'),(16,'450702101000','康熙岭镇','广西壮族自治区钦州市钦南区康熙岭镇','450702000000','5','桂N','镇','535012','2019-11-09 21:40:00','2019-11-09 21:40:01'),(17,'450702102000','黄屋屯镇','广西壮族自治区钦州市钦南区黄屋屯镇','450702000000','5','桂N','镇','535033','2019-11-09 21:40:00','2019-11-09 21:40:01'),(18,'450702104000','大番坡镇','广西壮族自治区钦州市钦南区大番坡镇','450702000000','5','桂N','镇','535037','2019-11-09 21:40:00','2019-11-09 21:40:01'),(19,'450702105000','龙门港镇','广西壮族自治区钦州市钦南区龙门港镇','450702000000','5','桂N','镇','535034','2019-11-09 21:40:00','2019-11-09 21:40:01'),(20,'450702107000','久隆镇','广西壮族自治区钦州市钦南区久隆镇','450702000000','5','桂N','镇','535017','2019-11-09 21:40:00','2019-11-09 21:40:01'),(21,'450702108000','东场镇','广西壮族自治区钦州市钦南区东场镇','450702000000','5','桂N','镇','535014','2019-11-09 21:40:00','2019-11-09 21:40:01'),(22,'450702109000','那丽镇','广西壮族自治区钦州市钦南区那丽镇','450702000000','5','桂N','镇','535013','2019-11-09 21:40:00','2019-11-09 21:40:01'),(23,'450702110000','那彭镇','广西壮族自治区钦州市钦南区那彭镇','450702000000','5','桂N','镇','535015','2019-11-09 21:40:00','2019-11-09 21:40:01'),(24,'450702111000','那思镇','广西壮族自治区钦州市钦南区那思镇','450702000000','5','桂N','镇','535016','2019-11-09 21:40:00','2019-11-09 21:40:01'),(25,'450702112000','犀牛脚镇','广西壮族自治区钦州市钦南区犀牛脚镇','450702000000','5','桂N','镇','535035','2019-11-09 21:40:00','2019-11-09 21:40:01'),(26,'450702400000','丽光华侨农场','广西壮族自治区钦州市钦南区丽光华侨农场','450702000000','5','桂N','农场','535000','2019-11-09 21:40:00','2019-11-09 21:40:01'),(27,'450702401000','钦州港经济技术开发区','广西壮族自治区钦州市钦南区钦州港经济技术开发区','450702000000','5','桂N','开发区','535008','2019-11-09 21:40:00','2019-11-09 21:40:01'),(28,'450702402000','三娘湾旅游管理区','广西壮族自治区钦州市钦南区三娘湾旅游管理区','450702000000','5','桂N','管理区','535000','2019-11-09 21:40:00','2019-11-09 21:40:01'),(29,'450702403000','广西钦州保税港区','广西壮族自治区钦州市钦南区广西钦州保税港区','450702000000','5','桂N','港区','535000','2019-11-09 21:40:00','2019-11-09 21:40:01'),(30,'450702404000','中马钦州产业园区','广西壮族自治区钦州市钦南区中马钦州产业园区','450702000000','5','桂N','园区','535000','2019-11-09 21:40:00','2019-11-09 21:40:01'),(31,'450702001003','新兴社区居委会','广西壮族自治区钦州市钦南区向阳街道办事处新兴社区','450702001000','6','桂N','社区','535000','2019-11-09 21:40:00','2019-11-09 21:40:01'),(32,'450702001004','新兴社区居委会','广西壮族自治区钦州市钦南区向阳街道办事处新兴社区','450702001000','6','桂N','社区','535000','2019-11-09 21:40:00','2019-11-09 21:40:01'),(33,'450702002001','东南社区居委会','广西壮族自治区钦州市钦南区水东街道办事处东南社区','450702002000','6','桂N','社区','535000','2019-11-09 21:40:00','2019-11-09 21:40:01'),(34,'450702002002','五里桥社区居委会','广西壮族自治区钦州市钦南区水东街道办事处五里桥社区','450702002000','6','桂N','社区','535000','2019-11-09 21:40:00','2019-11-09 21:40:01'),(35,'450702002005','大沙垌社区居委会','广西壮族自治区钦州市钦南区水东街道办事处大沙垌社区','450702002000','6','桂N','社区','535000','2019-11-09 21:40:00','2019-11-09 21:40:01'),(36,'450702003001','东风社区居委会','广西壮族自治区钦州市钦南区文峰街道办事处东风社区','450702003000','6','桂N','社区','535000','2019-11-09 21:40:00','2019-11-09 21:40:01'),(37,'450702003002','江滨社区居委会','广西壮族自治区钦州市钦南区文峰街道办事处江滨社区','450702003000','6','桂N','社区','535000','2019-11-09 21:40:00','2019-11-09 21:40:01'),(38,'450702003003','中山社区居委会','广西壮族自治区钦州市钦南区文峰街道办事处中山社区','450702003000','6','桂N','社区','535000','2019-11-09 21:40:00','2019-11-09 21:40:01'),(39,'450702003004','三宣堂社区居委会','广西壮族自治区钦州市钦南区文峰街道办事处三宣堂社区','450702003000','6','桂N','社区','535000','2019-11-09 21:40:00','2019-11-09 21:40:01'),(40,'450702003005','文昌社区居委会','广西壮族自治区钦州市钦南区文峰街道办事处文昌社区','450702003000','6','桂N','社区','535000','2019-11-09 21:40:00','2019-11-09 21:40:01'),(41,'450702003006','新隆社区居委会','广西壮族自治区钦州市钦南区文峰街道办事处新隆社区','450702003000','6','桂N','社区','535000','2019-11-09 21:40:00','2019-11-09 21:40:01'),(42,'450702004001','城西社区居委会','广西壮族自治区钦州市钦南区南珠街道办事处城西社区','450702004000','6','桂N','社区','535000','2019-11-09 21:40:00','2019-11-09 21:40:01'),(43,'450702004002','高岭社区居委会','广西壮族自治区钦州市钦南区南珠街道办事处高岭社区','450702004000','6','桂N','社区','535000','2019-11-09 21:40:00','2019-11-09 21:40:01'),(44,'450702004003','鸿泰社区居委会','广西壮族自治区钦州市钦南区南珠街道办事处鸿泰社区','450702004000','6','桂N','社区','535000','2019-11-09 21:40:00','2019-11-09 21:40:01'),(45,'450702005001','尖山社区居委会','广西壮族自治区钦州市钦南区尖山街道办事处尖山社区','450702005000','6','桂N','社区','535000','2019-11-09 21:40:00','2019-11-09 21:40:01'),(46,'450702005002','排榜社区居委会','广西壮族自治区钦州市钦南区尖山街道办事处排榜社区','450702005000','6','桂N','社区','535000','2019-11-09 21:40:00','2019-11-09 21:40:01'),(47,'450702005202','西沟村委会','广西壮族自治区钦州市钦南区尖山街道办事处西沟村','450702005000','6','桂N','村','535000','2019-11-09 21:40:00','2019-11-09 21:40:01'),(48,'450702005203','黄坡豕村委会','广西壮族自治区钦州市钦南区尖山街道办事处黄坡豕村','450702005000','6','桂N','村','535000','2019-11-09 21:40:00','2019-11-09 21:40:01'),(49,'450702005204','谷仓村委会','广西壮族自治区钦州市钦南区尖山街道办事处谷仓村','450702005000','6','桂N','村','535000','2019-11-09 21:40:00','2019-11-09 21:40:01'),(50,'450702005205','九鸦村委会','广西壮族自治区钦州市钦南区尖山街道办事处九鸦村','450702005000','6','桂N','村','535000','2019-11-09 21:40:00','2019-11-09 21:40:01'),(51,'450702005206','黎头咀村委会','广西壮族自治区钦州市钦南区尖山街道办事处黎头咀村','450702005000','6','桂N','村','535000','2019-11-09 21:40:00','2019-11-09 21:40:01'),(52,'450702100001','沙埠社区','广西壮族自治区钦州市钦南区沙埠镇沙埠社区','450702100000','6','桂N','社区','535011','2019-11-09 21:40:00','2019-11-09 21:40:01'),(53,'450702100002','田寮社区','广西壮族自治区钦州市钦南区沙埠镇田寮社区','450702100000','6','桂N','社区','535011','2019-11-09 21:40:00','2019-11-09 21:40:01'),(54,'450702100201','大石古村','广西壮族自治区钦州市钦南区沙埠镇大石古村','450702100000','6','桂N','村','535011','2019-11-09 21:40:00','2019-11-09 21:40:01'),(55,'450702100202','下南山村','广西壮族自治区钦州市钦南区沙埠镇下南山村','450702100000','6','桂N','村','535011','2019-11-09 21:40:00','2019-11-09 21:40:01'),(56,'450702100203','大岭村','广西壮族自治区钦州市钦南区沙埠镇大岭村','450702100000','6','桂N','村','535011','2019-11-09 21:40:00','2019-11-09 21:40:01'),(57,'450702100204','沙寮村','广西壮族自治区钦州市钦南区沙埠镇沙寮村','450702100000','6','桂N','村','535011','2019-11-09 21:40:00','2019-11-09 21:40:01'),(58,'450702100205','油路村','广西壮族自治区钦州市钦南区沙埠镇油路村','450702100000','6','桂N','村','535011','2019-11-09 21:40:00','2019-11-09 21:40:01'),(59,'450702100206','桥坪村','广西壮族自治区钦州市钦南区沙埠镇桥坪村','450702100000','6','桂N','村','535011','2019-11-09 21:40:00','2019-11-09 21:40:01'),(60,'450702100207','海棠村','广西壮族自治区钦州市钦南区沙埠镇海棠村','450702100000','6','桂N','村','535011','2019-11-09 21:40:00','2019-11-09 21:40:01'),(61,'450702100210','分界村','广西壮族自治区钦州市钦南区沙埠镇分界村','450702100000','6','桂N','村','535011','2019-11-09 21:40:00','2019-11-09 21:40:01'),(62,'450702100211','坭桥村','广西壮族自治区钦州市钦南区沙埠镇坭桥村','450702100000','6','桂N','村','535011','2019-11-09 21:40:00','2019-11-09 21:40:01'),(63,'450702100212','望埠村','广西壮族自治区钦州市钦南区沙埠镇望埠村','450702100000','6','桂N','村','535011','2019-11-09 21:40:00','2019-11-09 21:40:01'),(64,'450702100213','平艮村','广西壮族自治区钦州市钦南区沙埠镇平艮村','450702100000','6','桂N','村','535011','2019-11-09 21:40:00','2019-11-09 21:40:01'),(65,'450702100214','油埠村','广西壮族自治区钦州市钦南区沙埠镇油埠村','450702100000','6','桂N','村','535011','2019-11-09 21:40:00','2019-11-09 21:40:01'),(66,'450702100215','明天移民新村','广西壮族自治区钦州市钦南区沙埠镇明天移民新村','450702100000','6','桂N','村','535011','2019-11-09 21:40:00','2019-11-09 21:40:01'),(67,'450702101201','傍钦村','广西壮族自治区钦州市钦南区康熙岭镇傍钦村','450702101000','6','桂N','村','535012','2019-11-09 21:40:00','2019-11-09 21:40:01'),(68,'450702101202','高沙村','广西壮族自治区钦州市钦南区康熙岭镇高沙村','450702101000','6','桂N','村','535012','2019-11-09 21:40:00','2019-11-09 21:40:01'),(69,'450702101203','西围村','广西壮族自治区钦州市钦南区康熙岭镇西围村','450702101000','6','桂N','村','535012','2019-11-09 21:40:00','2019-11-09 21:40:01'),(70,'450702101204','新平村','广西壮族自治区钦州市钦南区康熙岭镇新平村','450702101000','6','桂N','村','535012','2019-11-09 21:40:00','2019-11-09 21:40:01'),(71,'450702101205','诗家村','广西壮族自治区钦州市钦南区康熙岭镇诗家村','450702101000','6','桂N','村','535012','2019-11-09 21:40:00','2019-11-09 21:40:01'),(72,'450702101206','白鸡村','广西壮族自治区钦州市钦南区康熙岭镇白鸡村','450702101000','6','桂N','村','535012','2019-11-09 21:40:00','2019-11-09 21:40:01'),(73,'450702101207','板坪村','广西壮族自治区钦州市钦南区康熙岭镇板坪村','450702101000','6','桂N','村','535012','2019-11-09 21:40:00','2019-11-09 21:40:01'),(74,'450702101208','横山村','广西壮族自治区钦州市钦南区康熙岭镇横山村','450702101000','6','桂N','村','535012','2019-11-09 21:40:00','2019-11-09 21:40:01'),(75,'450702101209','长坡村','广西壮族自治区钦州市钦南区康熙岭镇长坡村','450702101000','6','桂N','村','535012','2019-11-09 21:40:00','2019-11-09 21:40:01'),(76,'450702101210','团和村','广西壮族自治区钦州市钦南区康熙岭镇团和村','450702101000','6','桂N','村','535012','2019-11-09 21:40:00','2019-11-09 21:40:01'),(77,'450702101211','新营村','广西壮族自治区钦州市钦南区康熙岭镇新营村','450702101000','6','桂N','村','535012','2019-11-09 21:40:00','2019-11-09 21:40:01'),(78,'450702101212','新南村','广西壮族自治区钦州市钦南区康熙岭镇新南村','450702101000','6','桂N','村','535012','2019-11-09 21:40:00','2019-11-09 21:40:01'),(79,'450702102001','黄屋屯社区','广西壮族自治区钦州市钦南区黄屋屯镇黄屋屯社区','450702102000','6','桂N','社区','535033','2019-11-09 21:40:00','2019-11-09 21:40:01'),(80,'450702102201','屯西村','广西壮族自治区钦州市钦南区黄屋屯镇屯西村','450702102000','6','桂N','村','535033','2019-11-09 21:40:00','2019-11-09 21:40:01'),(81,'450702102202','屯安村','广西壮族自治区钦州市钦南区黄屋屯镇屯安村','450702102000','6','桂N','村','535033','2019-11-09 21:40:00','2019-11-09 21:40:01'),(82,'450702102203','屯胜村','广西壮族自治区钦州市钦南区黄屋屯镇屯胜村','450702102000','6','桂N','村','535033','2019-11-09 21:40:00','2019-11-09 21:40:01'),(83,'450702102204','屯利村','广西壮族自治区钦州市钦南区黄屋屯镇屯利村','450702102000','6','桂N','村','535033','2019-11-09 21:40:00','2019-11-09 21:40:01'),(84,'450702102205','加其村','广西壮族自治区钦州市钦南区黄屋屯镇加其村','450702102000','6','桂N','村','535033','2019-11-09 21:40:00','2019-11-09 21:40:01'),(85,'450702102206','屯北村','广西壮族自治区钦州市钦南区黄屋屯镇屯北村','450702102000','6','桂N','村','535033','2019-11-09 21:40:00','2019-11-09 21:40:01'),(86,'450702102207','大冲村','广西壮族自治区钦州市钦南区黄屋屯镇大冲村','450702102000','6','桂N','村','535033','2019-11-09 21:40:00','2019-11-09 21:40:01'),(87,'450702102208','屯光村','广西壮族自治区钦州市钦南区黄屋屯镇屯光村','450702102000','6','桂N','村','535033','2019-11-09 21:40:00','2019-11-09 21:40:01'),(88,'450702102209','屯南村','广西壮族自治区钦州市钦南区黄屋屯镇屯南村','450702102000','6','桂N','村','535033','2019-11-09 21:40:00','2019-11-09 21:40:01'),(89,'450702102210','金竹村','广西壮族自治区钦州市钦南区黄屋屯镇金竹村','450702102000','6','桂N','村','535033','2019-11-09 21:40:00','2019-11-09 21:40:01'),(90,'450702102211','圩埠村','广西壮族自治区钦州市钦南区黄屋屯镇圩埠村','450702102000','6','桂N','村','535033','2019-11-09 21:40:00','2019-11-09 21:40:01'),(91,'450702102212','田寮村','广西壮族自治区钦州市钦南区黄屋屯镇田寮村','450702102000','6','桂N','村','535033','2019-11-09 21:40:00','2019-11-09 21:40:01'),(92,'450702102213','塘营村','广西壮族自治区钦州市钦南区黄屋屯镇塘营村','450702102000','6','桂N','村','535033','2019-11-09 21:40:00','2019-11-09 21:40:01'),(93,'450702102214','屯显村','广西壮族自治区钦州市钦南区黄屋屯镇屯显村','450702102000','6','桂N','村','535033','2019-11-09 21:40:00','2019-11-09 21:40:01'),(94,'450702102215','西显村','广西壮族自治区钦州市钦南区黄屋屯镇西显村','450702102000','6','桂N','村','535033','2019-11-09 21:40:00','2019-11-09 21:40:01'),(95,'450702102216','料连村','广西壮族自治区钦州市钦南区黄屋屯镇料连村','450702102000','6','桂N','村','535033','2019-11-09 21:40:00','2019-11-09 21:40:01'),(96,'450702104001','茅坡社区','广西壮族自治区钦州市钦南区大番坡镇茅坡社区','450702000000','6','桂N','社区','535037','2019-11-09 21:40:00','2019-11-09 21:40:01'),(97,'450702104201','沙坡村','广西壮族自治区钦州市钦南区大番坡镇沙坡村','450702000000','6','桂N','村','535037','2019-11-09 21:40:00','2019-11-09 21:40:01'),(98,'450702104202','葵子村','广西壮族自治区钦州市钦南区大番坡镇葵子村','450702000000','6','桂N','村','535037','2019-11-09 21:40:00','2019-11-09 21:40:01'),(99,'450702104203','大番坡村','广西壮族自治区钦州市钦南区大番坡镇大番坡村','450702000000','6','桂N','村','535037','2019-11-09 21:40:00','2019-11-09 21:40:01'),(100,'450702104204','青龙村','广西壮族自治区钦州市钦南区大番坡镇青龙村','450702000000','6','桂N','村','535037','2019-11-09 21:40:00','2019-11-09 21:40:01'),(101,'450702104205','板桥村','广西壮族自治区钦州市钦南区大番坡镇板桥村','450702000000','6','桂N','村','535037','2019-11-09 21:40:00','2019-11-09 21:40:01'),(102,'450702104206','大窝口村','广西壮族自治区钦州市钦南区大番坡镇大窝口村','450702000000','6','桂N','村','535037','2019-11-09 21:40:00','2019-11-09 21:40:01'),(103,'450702104207','六村村','广西壮族自治区钦州市钦南区大番坡镇六村村','450702000000','6','桂N','村','535037','2019-11-09 21:40:00','2019-11-09 21:40:01'),(104,'450702104208','深坪村','广西壮族自治区钦州市钦南区大番坡镇深坪村','450702000000','6','桂N','村','535037','2019-11-09 21:40:00','2019-11-09 21:40:01'),(105,'450702104210','辣椒槌村','广西壮族自治区钦州市钦南区大番坡镇辣椒槌村','450702000000','6','桂N','村','535037','2019-11-09 21:40:00','2019-11-09 21:40:01'),(106,'450702105201','东村','广西壮族自治区钦州市钦南区龙门港镇东村','450702105000','6','桂N','村','535034','2019-11-09 21:40:00','2019-11-09 21:40:01'),(107,'450702105202','南村','广西壮族自治区钦州市钦南区龙门港镇南村','450702105000','6','桂N','村','535034','2019-11-09 21:40:00','2019-11-09 21:40:01'),(108,'450702105203','西村','广西壮族自治区钦州市钦南区龙门港镇西村','450702105000','6','桂N','村','535034','2019-11-09 21:40:00','2019-11-09 21:40:01'),(109,'450702105204','北村','广西壮族自治区钦州市钦南区龙门港镇北村','450702105000','6','桂N','村','535034','2019-11-09 21:40:00','2019-11-09 21:40:01'),(110,'450702107001','久隆社区','广西壮族自治区钦州市钦南区久隆镇久隆社区',' 450702107000','6','桂N','社区','535017','2019-11-09 21:40:00','2019-11-09 21:40:01'),(111,'450702107201','久隆村','广西壮族自治区钦州市钦南区久隆镇久隆村','450702107000','6','桂N','村','535017','2019-11-09 21:40:00','2019-11-09 21:40:01'),(112,'450702107202','黎屋村','广西壮族自治区钦州市钦南区久隆镇黎屋村','450702107000','6','桂N','村','535017','2019-11-09 21:40:00','2019-11-09 21:40:01'),(113,'450702107203','沙田村','广西壮族自治区钦州市钦南区久隆镇沙田村','450702107000','6','桂N','村','535017','2019-11-09 21:40:00','2019-11-09 21:40:01'),(114,'450702107204','丁屋村','广西壮族自治区钦州市钦南区久隆镇丁屋村','450702107000','6','桂N','村','535017','2019-11-09 21:40:00','2019-11-09 21:40:01'),(115,'450702107205','高桥村','广西壮族自治区钦州市钦南区久隆镇高桥村','450702107000','6','桂N','村','535017','2019-11-09 21:40:00','2019-11-09 21:40:01'),(116,'450702107206','水铺村','广西壮族自治区钦州市钦南区久隆镇水铺村','450702107000','6','桂N','村','535017','2019-11-09 21:40:00','2019-11-09 21:40:01'),(117,'450702107207','新明村','广西壮族自治区钦州市钦南区久隆镇新明村','450702107000','6','桂N','村','535017','2019-11-09 21:40:00','2019-11-09 21:40:01'),(118,'450702107208','平新村','广西壮族自治区钦州市钦南区久隆镇平新村','450702107000','6','桂N','村','535017','2019-11-09 21:40:00','2019-11-09 21:40:01'),(119,'450702107209','那庆村','广西壮族自治区钦州市钦南区久隆镇那庆村','450702107000','6','桂N','村','535017','2019-11-09 21:40:00','2019-11-09 21:40:01'),(120,'450702107210','白鹤村','广西壮族自治区钦州市钦南区久隆镇白鹤村','450702107000','6','桂N','村','535017','2019-11-09 21:40:00','2019-11-09 21:40:01'),(121,'450702107211','青草村','广西壮族自治区钦州市钦南区久隆镇青草村','450702107000','6','桂N','村','535017','2019-11-09 21:40:00','2019-11-09 21:40:01'),(122,'450702107212','大岭村','广西壮族自治区钦州市钦南区久隆镇大岭村','450702107000','6','桂N','村','535017','2019-11-09 21:40:00','2019-11-09 21:40:01'),(123,'450702107213','高明村','广西壮族自治区钦州市钦南区久隆镇高明村','450702107000','6','桂N','村','535017','2019-11-09 21:40:00','2019-11-09 21:40:01'),(124,'450702107214','新圩村','广西壮族自治区钦州市钦南区久隆镇新圩村','450702107000','6','桂N','村','535017','2019-11-09 21:40:00','2019-11-09 21:40:01'),(125,'450702107215','石安村','广西壮族自治区钦州市钦南区久隆镇石安村','450702107000','6','桂N','村','535017','2019-11-09 21:40:00','2019-11-09 21:40:01'),(126,'450702107216','细岭头村','广西壮族自治区钦州市钦南区久隆镇细岭头村',' 450702107000','6','桂N','村','535017','2019-11-09 21:40:00','2019-11-09 21:40:01'),(127,'450702107217','荷木村','广西壮族自治区钦州市钦南区久隆镇荷木村',' 450702107000','6','桂N','村','535017','2019-11-09 21:40:00','2019-11-09 21:40:01'),(128,'450702108201','关塘村','广西壮族自治区钦州市钦南区东场镇关塘村','450702108000','6','桂N','村','535014','2019-11-09 21:40:00','2019-11-09 21:40:01'),(129,'450702108202','六加村','广西壮族自治区钦州市钦南区东场镇六加村','450702108000','6','桂N','村','535014','2019-11-09 21:40:00','2019-11-09 21:40:01'),(130,'450702108203','高塘村','广西壮族自治区钦州市钦南区东场镇高塘村','450702108000','6','桂N','村','535014','2019-11-09 21:40:00','2019-11-09 21:40:01'),(131,'450702108204','东场村','广西壮族自治区钦州市钦南区东场镇东场村','450702108000','6','桂N','村','535014','2019-11-09 21:40:00','2019-11-09 21:40:01'),(132,'450702108205','英窝村','广西壮族自治区钦州市钦南区东场镇英窝村','450702108000','6','桂N','村','535014','2019-11-09 21:40:00','2019-11-09 21:40:01'),(133,'450702108206','白木村','广西壮族自治区钦州市钦南区东场镇白木村','450702108000','6','桂N','村','535014','2019-11-09 21:40:00','2019-11-09 21:40:01'),(134,'450702108207','上寮村','广西壮族自治区钦州市钦南区东场镇上寮村','450702108000','6','桂N','村','535014','2019-11-09 21:40:00','2019-11-09 21:40:01'),(135,'450702109001','那丽社区','广西壮族自治区钦州市钦南区那丽镇那丽社区','450702109000','6','桂N','社区','535013','2019-11-09 21:40:00','2019-11-09 21:40:01'),(136,'450702109201','那丽村','广西壮族自治区钦州市钦南区那丽镇那丽村','450702109000','6','桂N','村','535013','2019-11-09 21:40:00','2019-11-09 21:40:01'),(137,'450702109202','充包村','广西壮族自治区钦州市钦南区那丽镇充包村','450702109000','6','桂N','村','535013','2019-11-09 21:40:00','2019-11-09 21:40:01'),(138,'450702109203','殿艮村','广西壮族自治区钦州市钦南区那丽镇殿艮村','450702109000','6','桂N','村','535013','2019-11-09 21:40:00','2019-11-09 21:40:01'),(139,'450702109204','芦荻竹村','广西壮族自治区钦州市钦南区那丽镇芦荻竹村','450702109000','6','桂N','村','535013','2019-11-09 21:40:00','2019-11-09 21:40:01'),(140,'450702109205','嫦娥垌村','广西壮族自治区钦州市钦南区那丽镇嫦娥垌村','450702109000','6','桂N','村','535013','2019-11-09 21:40:00','2019-11-09 21:40:01'),(141,'450702109206','马鞍岭村','广西壮族自治区钦州市钦南区那丽镇马鞍岭村','450702109000','6','桂N','村','535013','2019-11-09 21:40:00','2019-11-09 21:40:01'),(142,'450702109207','崩塘村','广西壮族自治区钦州市钦南区那丽镇崩塘村','450702109000','6','桂N','村','535013','2019-11-09 21:40:00','2019-11-09 21:40:01'),(143,'450702109208','那雾塘村','广西壮族自治区钦州市钦南区那丽镇那雾塘村','450702109000','6','桂N','村','535013','2019-11-09 21:40:00','2019-11-09 21:40:01'),(144,'450702109209','土地田村','广西壮族自治区钦州市钦南区那丽镇土地田村','450702109000','6','桂N','村','535013','2019-11-09 21:40:00','2019-11-09 21:40:01'),(145,'450702109210','三蔸竹村','广西壮族自治区钦州市钦南区那丽镇三蔸竹村','450702109000','6','桂N','村','535013','2019-11-09 21:40:00','2019-11-09 21:40:01'),(146,'450702110001','那彭社区','广西壮族自治区钦州市钦南区那彭镇那彭社区','450702110000','6','桂N','社区','535015','2019-11-09 21:40:00','2019-11-09 21:40:01'),(147,'450702110201','那彭村','广西壮族自治区钦州市钦南区那彭镇那彭村','450702110000','6','桂N','村','535015','2019-11-09 21:40:00','2019-11-09 21:40:01'),(148,'450702110202','担坳村','广西壮族自治区钦州市钦南区那彭镇担坳村','450702110000','6','桂N','村','535015','2019-11-09 21:40:00','2019-11-09 21:40:01'),(149,'450702110203','那蒟村','广西壮族自治区钦州市钦南区那彭镇那蒟村','450702110000','6','桂N','村','535015','2019-11-09 21:40:00','2019-11-09 21:40:01'),(150,'450702110204','白沙村','广西壮族自治区钦州市钦南区那彭镇白沙村','450702110000','6','桂N','村','535015','2019-11-09 21:40:00','2019-11-09 21:40:01'),(151,'450702110205','六湖村','广西壮族自治区钦州市钦南区那彭镇六湖村','450702110000','6','桂N','村','535015','2019-11-09 21:40:00','2019-11-09 21:40:01'),(152,'450702110206','彭新村','广西壮族自治区钦州市钦南区那彭镇彭新村','450702110000','6','桂N','村','535015','2019-11-09 21:40:00','2019-11-09 21:40:01'),(153,'450702110207','清湖村','广西壮族自治区钦州市钦南区那彭镇清湖村','450702110000','6','桂N','村','535015','2019-11-09 21:40:00','2019-11-09 21:40:01'),(154,'450702110208','那勉村','广西壮族自治区钦州市钦南区那彭镇那勉村','450702110000','6','桂N','村','535015','2019-11-09 21:40:00','2019-11-09 21:40:01'),(155,'450702110209','凤凰岗村','广西壮族自治区钦州市钦南区那彭镇凤凰岗村','450702110000','6','桂N','村','535015','2019-11-09 21:40:00','2019-11-09 21:40:01'),(156,'450702110210','那里村','广西壮族自治区钦州市钦南区那彭镇那里村','450702110000','6','桂N','村','535015','2019-11-09 21:40:00','2019-11-09 21:40:01'),(157,'450702110211','后立村','广西壮族自治区钦州市钦南区那彭镇后立村','450702110000','6','桂N','村','535015','2019-11-09 21:40:00','2019-11-09 21:40:01'),(158,'450702110212','英学村','广西壮族自治区钦州市钦南区那彭镇英学村','450702110000','6','桂N','村','535015','2019-11-09 21:40:00','2019-11-09 21:40:01'),(159,'450702110213','屋背村','广西壮族自治区钦州市钦南区那彭镇屋背村','450702110000','6','桂N','村','535015','2019-11-09 21:40:00','2019-11-09 21:40:01'),(160,'450702111201','合江村','广西壮族自治区钦州市钦南区那思镇合江村','450702111000','6','桂N','村','535016','2019-11-09 21:40:00','2019-11-09 21:40:01'),(161,'450702111202','禄宦塘村','广西壮族自治区钦州市钦南区那思镇禄宦塘村','450702111000','6','桂N','村','535016','2019-11-09 21:40:00','2019-11-09 21:40:01'),(162,'450702111203','米子村','广西壮族自治区钦州市钦南区那思镇米子村','450702111000','6','桂N','村','535016','2019-11-09 21:40:00','2019-11-09 21:40:01'),(163,'450702111204','那京村','广西壮族自治区钦州市钦南区那思镇那京村','450702111000','6','桂N','村','535016','2019-11-09 21:40:00','2019-11-09 21:40:01'),(164,'450702111205','那思村','广西壮族自治区钦州市钦南区那思镇那思村','450702111000','6','桂N','村','535016','2019-11-09 21:40:00','2019-11-09 21:40:01'),(165,'450702111206','塘底村','广西壮族自治区钦州市钦南区那思镇塘底村','450702111000','6','桂N','村','535016','2019-11-09 21:40:00','2019-11-09 21:40:01'),(166,'450702111207','定蒙村','广西壮族自治区钦州市钦南区那思镇定蒙村','450702111000','6','桂N','村','535016','2019-11-09 21:40:00','2019-11-09 21:40:01'),(167,'450702111208','茶蓝垌村','广西壮族自治区钦州市钦南区那思镇茶蓝垌村','450702111000','6','桂N','村','535016','2019-11-09 21:40:00','2019-11-09 21:40:01'),(168,'450702111209','牛寮水村','广西壮族自治区钦州市钦南区那思镇牛寮水村','450702111000','6','桂N','村','535016','2019-11-09 21:40:00','2019-11-09 21:40:01'),(169,'450702111210','扁陂村','广西壮族自治区钦州市钦南区那思镇扁陂村','450702111000','6','桂N','村','535016','2019-11-09 21:40:00','2019-11-09 21:40:01'),(170,'450702112001','新联社区','广西壮族自治区钦州市钦南区犀牛脚镇新联社区','450702112000','6','桂N','社区','535035','2019-11-09 21:40:00','2019-11-09 21:40:01'),(171,'450702112002','丹寮社区','广西壮族自治区钦州市钦南区犀牛脚镇丹寮社区','450702112000','6','桂N','社区','535035','2019-11-09 21:40:00','2019-11-09 21:40:01'),(172,'450702112203','犀牛脚村','广西壮族自治区钦州市钦南区犀牛脚镇犀牛脚村','450702112000','6','桂N','村','535035','2019-11-09 21:40:00','2019-11-09 21:40:01'),(173,'450702112205','联民村','广西壮族自治区钦州市钦南区犀牛脚镇联民村','450702112000','6','桂N','村','535035','2019-11-09 21:40:00','2019-11-09 21:40:01'),(174,'450702112206','白路村','广西壮族自治区钦州市钦南区犀牛脚镇白路村','450702112000','6','桂N','村','535035','2019-11-09 21:40:00','2019-11-09 21:40:01'),(175,'450702112207','船厂村','广西壮族自治区钦州市钦南区犀牛脚镇船厂村','450702112000','6','桂N','村','535035','2019-11-09 21:40:00','2019-11-09 21:40:01'),(176,'450702112208','岭脚村','广西壮族自治区钦州市钦南区犀牛脚镇岭脚村','450702112000','6','桂N','村','535035','2019-11-09 21:40:00','2019-11-09 21:40:01'),(177,'450702112209','西寮村','广西壮族自治区钦州市钦南区犀牛脚镇西寮村','450702112000','6','桂N','村','535035','2019-11-09 21:40:00','2019-11-09 21:40:01'),(178,'450702112210','炮台村','广西壮族自治区钦州市钦南区犀牛脚镇炮台村','450702112000','6','桂N','村','535035','2019-11-09 21:40:00','2019-11-09 21:40:01'),(179,'450702112211','岭门村','广西壮族自治区钦州市钦南区犀牛脚镇岭门村','450702112000','6','桂N','村','535035','2019-11-09 21:40:00','2019-11-09 21:40:01'),(180,'450702112212','埠头村','广西壮族自治区钦州市钦南区犀牛脚镇埠头村','450702112000','6','桂N','村','535035','2019-11-09 21:40:00','2019-11-09 21:40:01'),(181,'450702112213','西坑村','广西壮族自治区钦州市钦南区犀牛脚镇西坑村','450702112000','6','桂N','村','535035','2019-11-09 21:40:00','2019-11-09 21:40:01'),(182,'450702112214','大灶村','广西壮族自治区钦州市钦南区犀牛脚镇大灶村','450702112000','6','桂N','村','535035','2019-11-09 21:40:00','2019-11-09 21:40:01'),(183,'450702112215','平山村','广西壮族自治区钦州市钦南区犀牛脚镇平山村','450702112000','6','桂N','村','535035','2019-11-09 21:40:00','2019-11-09 21:40:01'),(184,'450702112217','大坪村','广西壮族自治区钦州市钦南区犀牛脚镇大坪村','450702112000','6','桂N','村','535035','2019-11-09 21:40:00','2019-11-09 21:40:01'),(185,'450702112219','沙角村','广西壮族自治区钦州市钦南区犀牛脚镇沙角村','450702112000','6','桂N','村','535035','2019-11-09 21:40:00','2019-11-09 21:40:01'),(186,'450702400501','总场','广西壮族自治区钦州市钦南区丽光华侨农场总场','450702400000','6','桂N','农场','535000','2019-11-09 21:40:00','2019-11-09 21:40:01'),(187,'450702400502','新屋管区生活区','广西壮族自治区钦州市钦南区丽光华侨农场新屋管区生活区','450702400000','6','桂N','生活区','535000','2019-11-09 21:40:00','2019-11-09 21:40:01'),(188,'450702400503','均田管区生活区','广西壮族自治区钦州市钦南区丽光华侨农场均田管区生活区','450702400000','6','桂N','生活区','535000','2019-11-09 21:40:00','2019-11-09 21:40:01'),(189,'450702400504','凤凰管区生活区','广西壮族自治区钦州市钦南区丽光华侨农场凤凰管区生活区','450702400000','6','桂N','生活区','535000','2019-11-09 21:40:00','2019-11-09 21:40:01'),(190,'450702401001','滨海社区','广西壮族自治区钦州市钦南区钦州港经济技术开发区滨海社区','450702401000','6','桂N','社区','535008','2019-11-09 21:40:00','2019-11-09 21:40:01'),(191,'450702401002','亚路江社区','广西壮族自治区钦州市钦南区钦州港经济技术开发区亚路江社区','450702401000','6','桂N','社区','535008','2019-11-09 21:40:00','2019-11-09 21:40:01'),(192,'450702401003','水井坑社区','广西壮族自治区钦州市钦南区钦州港经济技术开发区水井坑社区','450702401000','6','桂N','社区','535008','2019-11-09 21:40:00','2019-11-09 21:40:01'),(193,'450702401004','果子山社区','广西壮族自治区钦州市钦南区钦州港经济技术开发区果子山社区','450702401000','6','桂N','社区','535008','2019-11-09 21:40:00','2019-11-09 21:40:01'),(194,'450702401005','鸡墩头社区','广西壮族自治区钦州市钦南区钦州港经济技术开发区鸡墩头社区','450702401000','6','桂N','社区','535008','2019-11-09 21:40:00','2019-11-09 21:40:01'),(195,'450702401006','金鼓社区','广西壮族自治区钦州市钦南区钦州港经济技术开发区金鼓社区','450702401000','6','桂N','社区','535008','2019-11-09 21:40:00','2019-11-09 21:40:01'),(196,'450702401007','鹿耳环社区','广西壮族自治区钦州市钦南区钦州港经济技术开发区鹿耳环社区','450702401000','6','桂N','社区','535008','2019-11-09 21:40:00','2019-11-09 21:40:01'),(197,'450702402201','三娘湾村','广西壮族自治区钦州市钦南区三娘湾旅游管理区三娘湾村','450702402000','6','桂N','村','535000','2019-11-09 21:40:00','2019-11-09 21:40:01'),(198,'450702402202','大环村','广西壮族自治区钦州市钦南区三娘湾旅游管理区大环村','450702402000','6','桂N','村','535000','2019-11-09 21:40:00','2019-11-09 21:40:01'),(199,'450702402204','乌雷村','广西壮族自治区钦州市钦南区三娘湾旅游管理区乌雷村','450702402000','6','桂N','村','535000','2019-11-09 21:40:00','2019-11-09 21:40:01'),(200,'450702403498','虚拟社区','广西壮族自治区钦州市钦南区广西钦州保税港区虚拟社区','450702403000','6','桂N','社区','535000','2019-11-09 21:40:00','2019-11-09 21:40:01'),(201,'450702404498','虚拟社区','广西壮族自治区钦州市钦南区中马钦州产业园区虚拟社区','450702404000','6','桂N','社区','535000','2019-11-09 21:40:00','2019-11-09 21:40:01');

/*Table structure for table `ym_azd` */

DROP TABLE IF EXISTS `ym_azd`;

CREATE TABLE `ym_azd` (
  `id` int(10) unsigned NOT NULL AUTO_INCREMENT,
  `mc` varchar(60) NOT NULL DEFAULT '' COMMENT '名称',
  `jc` varchar(30) NOT NULL DEFAULT '' COMMENT '简称',
  `dz` varchar(200) DEFAULT '',
  `lrrq` date DEFAULT NULL COMMENT '录入日期',
  PRIMARY KEY (`id`)
) ENGINE=InnoDB AUTO_INCREMENT=7 DEFAULT CHARSET=utf8 COMMENT='安置点';

/*Data for the table `ym_azd` */

insert  into `ym_azd`(`id`,`mc`,`jc`,`dz`,`lrrq`) values (1,'钦州市钦南区易地扶贫搬迁高新区安置点','高新区安置点','测试区测试大道1000号','2020-04-12'),(2,'钦州市钦南区易地扶贫搬迁高新区安置点2','高新区安置点2','测试区测试大道1001号','2020-04-10'),(3,'钦州市钦南区易地扶贫搬迁高新区安置点3','高新区安置点3','测试区测试大道1002号','2020-04-09'),(4,'钦州市钦南区易地扶贫搬迁高新区安置点4','高新区安置点4','测试区测试大道1002号测试区测试大道1002号','2020-04-15'),(5,'钦州市钦南区易地扶贫搬迁高新区安置点5','高新区安置点5','测试区测试大道1002号测试区测试大道1002号','2020-04-12');

/*Table structure for table `ym_azd_fwxx` */

DROP TABLE IF EXISTS `ym_azd_fwxx`;

CREATE TABLE `ym_azd_fwxx` (
  `id` int(10) unsigned NOT NULL AUTO_INCREMENT,
  `aid` int(10) unsigned NOT NULL COMMENT '安置点id',
  `ld` varchar(4) NOT NULL DEFAULT '' COMMENT '楼栋',
  `dy` varchar(4) NOT NULL DEFAULT '' COMMENT '单元',
  `fh` varchar(8) NOT NULL DEFAULT '' COMMENT '房号',
  `mj` decimal(5,2) unsigned NOT NULL DEFAULT 0.00 COMMENT '房屋面积',
  `hx` varchar(10) NOT NULL DEFAULT '' COMMENT '户型',
  PRIMARY KEY (`id`)
) ENGINE=InnoDB AUTO_INCREMENT=2 DEFAULT CHARSET=utf8 COMMENT='安置点-详情表，保存单元，房号，户型，面积等信息';

/*Data for the table `ym_azd_fwxx` */

insert  into `ym_azd_fwxx`(`id`,`aid`,`ld`,`dy`,`fh`,`mj`,`hx`) values (1,1,'1','1','103','120.12','三房两厅一卫');

/*Table structure for table `ym_bfr` */

DROP TABLE IF EXISTS `ym_bfr`;

CREATE TABLE `ym_bfr` (
  `id` int(10) unsigned NOT NULL AUTO_INCREMENT,
  `xm` varchar(50) NOT NULL DEFAULT '' COMMENT '姓名',
  `xb` tinyint(1) unsigned NOT NULL DEFAULT 1 COMMENT '性别1男0女',
  `sfzhm` varchar(30) DEFAULT '' COMMENT '身份证号码',
  `gzdw` varchar(100) NOT NULL DEFAULT '' COMMENT '工作单位',
  `zw` varchar(20) NOT NULL DEFAULT '' COMMENT '职务',
  `lxdh` varchar(20) NOT NULL DEFAULT '' COMMENT '联系电话',
  `lrrq` date DEFAULT NULL COMMENT '录入日期',
  `bgrq` date DEFAULT NULL COMMENT '变更日期',
  `zt` tinyint(3) unsigned NOT NULL DEFAULT 1 COMMENT '状态，1正常，0删除',
  PRIMARY KEY (`id`)
) ENGINE=InnoDB AUTO_INCREMENT=5 DEFAULT CHARSET=utf8 COMMENT='帮扶人信息';

/*Data for the table `ym_bfr` */

insert  into `ym_bfr`(`id`,`xm`,`xb`,`sfzhm`,`gzdw`,`zw`,`lxdh`,`lrrq`,`bgrq`,`zt`) values (1,'丘处机',1,'450103198201221543','全真教','真人','1322221111','2020-04-12',NULL,1),(3,'段誉',1,'450103198201111111','大理','世子','1322221222','2020-04-17',NULL,1),(4,'令狐冲',0,'450103198201112222','华山派','大师兄','',NULL,NULL,1);

/*Table structure for table `ym_jtjbqk_bgqksm` */

DROP TABLE IF EXISTS `ym_jtjbqk_bgqksm`;

CREATE TABLE `ym_jtjbqk_bgqksm` (
  `id` int(10) unsigned NOT NULL AUTO_INCREMENT,
  `fid` int(10) unsigned NOT NULL COMMENT '贫困户基本信息表id',
  `nr` varchar(1000) DEFAULT '' COMMENT '内容',
  `lrrq` date DEFAULT NULL COMMENT '录入日期',
  `scbz` tinyint(1) unsigned NOT NULL DEFAULT 0 COMMENT '删除标志',
  PRIMARY KEY (`id`)
) ENGINE=InnoDB DEFAULT CHARSET=utf8 COMMENT='贫困户家庭基本情况-变更情况说明';

/*Data for the table `ym_jtjbqk_bgqksm` */

/*Table structure for table `ym_jtjbqk_jtcy` */

DROP TABLE IF EXISTS `ym_jtjbqk_jtcy`;

CREATE TABLE `ym_jtjbqk_jtcy` (
  `id` int(10) NOT NULL AUTO_INCREMENT,
  `fid` int(10) unsigned NOT NULL COMMENT '贫困户基本信息表id',
  `xm` varchar(20) NOT NULL DEFAULT '' COMMENT '姓名',
  `xb` tinyint(1) NOT NULL DEFAULT 1 COMMENT '性别1男0女',
  `zjhm` varchar(25) NOT NULL DEFAULT '' COMMENT '证件号码',
  `yhzgx` tinyint(3) unsigned NOT NULL DEFAULT 0 COMMENT '与户主关系',
  `mz` tinyint(3) unsigned NOT NULL DEFAULT 0 COMMENT '民族',
  `zzmm` tinyint(2) unsigned NOT NULL DEFAULT 0 COMMENT '政治面貌',
  `whcd` tinyint(2) unsigned NOT NULL DEFAULT 0 COMMENT '文化程度',
  `zxszk` tinyint(2) unsigned NOT NULL DEFAULT 0 COMMENT '在校生状况',
  `sxyy` tinyint(2) unsigned NOT NULL DEFAULT 0 COMMENT '失学原因',
  `jkzk` tinyint(2) unsigned NOT NULL DEFAULT 0 COMMENT '健康状况',
  `ldjn` tinyint(2) unsigned NOT NULL DEFAULT 0 COMMENT '劳动技能',
  `sfhjpth` tinyint(1) unsigned NOT NULL DEFAULT 0 COMMENT '是否会讲普通话',
  `sfcjcxjmjbytlbx` tinyint(1) unsigned NOT NULL DEFAULT 0 COMMENT '是否参加城乡居民基本医疗保险',
  `sfcjsybcylbx` tinyint(1) unsigned NOT NULL DEFAULT 0 COMMENT '是否参加商业补充医疗保险',
  `sfxsncjmzjshbz` tinyint(1) unsigned NOT NULL DEFAULT 0 COMMENT '是否享受农村居民最低生活保障',
  `sfcjcxjmybyanglbx` tinyint(1) unsigned NOT NULL DEFAULT 0 COMMENT '是否参加城乡居民基本养老保险',
  `sfxsrsywbxbt` tinyint(1) unsigned NOT NULL DEFAULT 0 COMMENT '是否享受人身意外保险补贴',
  `lxdh` varchar(15) NOT NULL DEFAULT '' COMMENT '联系电话',
  `bz` varchar(600) NOT NULL DEFAULT '' COMMENT '备注',
  `scbz` tinyint(1) unsigned NOT NULL DEFAULT 0 COMMENT '删除标志',
  PRIMARY KEY (`id`)
) ENGINE=InnoDB AUTO_INCREMENT=267 DEFAULT CHARSET=utf8 COMMENT='贫困户家庭基本情况-家庭成员表';

/*Data for the table `ym_jtjbqk_jtcy` */

insert  into `ym_jtjbqk_jtcy`(`id`,`fid`,`xm`,`xb`,`zjhm`,`yhzgx`,`mz`,`zzmm`,`whcd`,`zxszk`,`sxyy`,`jkzk`,`ldjn`,`sfhjpth`,`sfcjcxjmjbytlbx`,`sfcjsybcylbx`,`sfxsncjmzjshbz`,`sfcjcxjmybyanglbx`,`sfxsrsywbxbt`,`lxdh`,`bz`,`scbz`) values (1,1,'黄荣任',1,'450702196612044816',1,0,0,0,0,0,0,0,0,0,0,0,0,0,'15707775834','',0),(2,2,'李成伟',1,'452802196706234810',1,0,0,0,0,0,0,0,0,0,0,0,0,0,'18777730868','',0),(3,3,'余宪芬',1,'452802195310154828',1,0,0,0,0,0,0,0,0,0,0,0,0,0,'13471746270','',0),(4,4,'覃少英',1,'452122197506122429',1,0,0,0,0,0,0,0,0,0,0,0,0,0,'13677774662','',0),(5,5,'黄学成',1,'452802197509283618',1,0,0,0,0,0,0,0,0,0,0,0,0,0,'13557775780','',0),(6,6,'黄日春',1,'450702200001043629',1,0,0,0,0,0,0,0,0,0,0,0,0,0,'18776933269','',0),(7,7,'黄国波',1,'452802197109058470',1,0,0,0,0,0,0,0,0,0,0,0,0,0,'15107773608','',0),(8,8,'骆能礼',1,'452802196807174239',1,0,0,0,0,0,0,0,0,0,0,0,0,0,'18378755130','',0),(9,9,'罗学忠',1,'452802195209056617',1,0,0,0,0,0,0,0,0,0,0,0,0,0,'13517776209','',0),(10,10,'梁中茂',1,'45280219671015663262',1,0,0,0,0,0,0,0,0,0,0,0,0,0,'18778799380','',0),(11,11,'梁中桥',1,'452802197607246634',1,0,0,0,0,0,0,0,0,0,0,0,0,0,'18775731850','',0),(12,12,'凌祥满',1,'45280219540415663X',1,0,0,0,0,0,0,0,0,0,0,0,0,0,'13557074590','',0),(13,13,'曾创强',1,'452802196210116618',1,0,0,0,0,0,0,0,0,0,0,0,0,0,'18278732529','',0),(14,14,'钟福雄',1,'450702196706076632',1,0,0,0,0,0,0,0,0,0,0,0,0,0,'15878932248','',0),(15,15,'黄运海',1,'45280219711125661X',1,0,0,0,0,0,0,0,0,0,0,0,0,0,'15278797293','',0),(16,16,'陆雪琳',1,'450702199912056345',1,0,0,0,0,0,0,0,0,0,0,0,0,0,'18278739492','',0),(17,17,'梁中胜',1,'452802197403086659',1,0,0,0,0,0,0,0,0,0,0,0,0,0,'18894731330','',0),(18,18,'陈有栋',1,'452802195506206618',1,0,0,0,0,0,0,0,0,0,0,0,0,0,'13457710189','',0),(19,19,'陈深胜',1,'450702198204086610',1,0,0,0,0,0,0,0,0,0,0,0,0,0,'13557079445','',0),(20,20,'黄高喜',1,'452802197909256619',1,0,0,0,0,0,0,0,0,0,0,0,0,0,'13297877578','',0),(21,21,'钟秀玉',1,'45280219720607662X',1,0,0,0,0,0,0,0,0,0,0,0,0,0,'15278741838','',0),(22,22,'凌祥恒',1,'452802197111056618',1,0,0,0,0,0,0,0,0,0,0,0,0,0,'18775755529','',0),(23,23,'杨达迁',1,'450702198302016659',1,0,0,0,0,0,0,0,0,0,0,0,0,0,'13558470381','',0),(24,24,'梁中善',1,'452802196804186613',1,0,0,0,0,0,0,0,0,0,0,0,0,0,'15007770329','',0),(25,25,'梁枫',1,'450702199105146635',1,0,0,0,0,0,0,0,0,0,0,0,0,0,'15977000047','',0),(26,26,'梁李玲',1,'450702199701076629',1,0,0,0,0,0,0,0,0,0,0,0,0,0,'13788493584','',0),(27,27,'黄连英',1,'450702195210296629',1,0,0,0,0,0,0,0,0,0,0,0,0,0,'13877786270','',0),(28,28,'杨启启',1,'450702199405114213',1,0,0,0,0,0,0,0,0,0,0,0,0,0,'18057035371','',0),(29,29,'黄美吉',1,'450702192911124228',1,0,0,0,0,0,0,0,0,0,0,0,0,0,'18207878992','',0),(30,30,'张弓',1,'450702197208214216',1,0,0,0,0,0,0,0,0,0,0,0,0,0,'13263772141','',0),(31,31,'赵良治',1,'452802196608104211',1,0,0,0,0,0,0,0,0,0,0,0,0,0,'13977793347','',0),(32,32,'张锡奎',1,'452802194702214215',1,0,0,0,0,0,0,0,0,0,0,0,0,0,'15707772684','',0),(33,33,'官锡宏',1,'452802194604154239',1,0,0,0,0,0,0,0,0,0,0,0,0,0,'18377773702','',0),(34,34,'张旺',1,'450702196505014216',1,0,0,0,0,0,0,0,0,0,0,0,0,0,'18207772701','',0),(35,35,'彭福添',1,'452802197002064272',1,0,0,0,0,0,0,0,0,0,0,0,0,0,'13097973282','',0),(36,36,'温贵协',1,'452802196708154216',1,0,0,0,0,0,0,0,0,0,0,0,0,0,'15878942732','',0),(37,37,'李忠雄',1,'450702198707214215',1,0,0,0,0,0,0,0,0,0,0,0,0,0,'18707772658','',0),(38,38,'韩锋',1,'450702197505294232',1,0,0,0,0,0,0,0,0,0,0,0,0,0,'18377771610','',0),(39,39,'黄国科',1,'452802197310154210',1,0,0,0,0,0,0,0,0,0,0,0,0,0,'18777729576','',0),(40,40,'韩凤珍',1,'452802193606064240',1,0,0,0,0,0,0,0,0,0,0,0,0,0,'18172489158','',0),(41,41,'黄乃金',1,'452802194605014238',1,0,0,0,0,0,0,0,0,0,0,0,0,0,'19978003159','',0),(42,42,'叶培生',1,'450702198403254218',1,0,0,0,0,0,0,0,0,0,0,0,0,0,'13657775377','',0),(43,43,'李祖梅',1,'450702199802087845',1,0,0,0,0,0,0,0,0,0,0,0,0,0,'13877772410','',0),(44,44,'朱艳红',1,'452802196806137997',1,0,0,0,0,0,0,0,0,0,0,0,0,0,'13457700079','',0),(45,45,'黄有光',1,'450702197304177814',1,0,0,0,0,0,0,0,0,0,0,0,0,0,'19148860585','',0),(46,46,'黄琼兴',1,'452802194001157895',1,0,0,0,0,0,0,0,0,0,0,0,0,0,'18775723580','',0),(47,47,'张立俭',1,'45280219710214793X11',1,0,0,0,0,0,0,0,0,0,0,0,0,0,'18977731664','',0),(48,48,'廖敬军',1,'450702199312207816',1,0,0,0,0,0,0,0,0,0,0,0,0,0,'18278717412','',0),(49,49,'黎仪邕',1,'452802197102137934',1,0,0,0,0,0,0,0,0,0,0,0,0,0,'13877720781','',0),(50,50,'张帮辉',1,'452802197310246326',1,0,0,0,0,0,0,0,0,0,0,0,0,0,'13471785764','',0),(51,51,'梁群成',1,'452802195206058051',1,0,0,0,0,0,0,0,0,0,0,0,0,0,'18076664383','',0),(52,52,'徐全保',1,'450702198212037819',1,0,0,0,0,0,0,0,0,0,0,0,0,0,'13788298913','',0),(53,53,'陈天佑',1,'450702198111127831',1,0,0,0,0,0,0,0,0,0,0,0,0,0,'13607779407','',0),(54,54,'龙登震',1,'452802195709207813',1,0,0,0,0,0,0,0,0,0,0,0,0,0,'13471702439','',0),(55,55,'龙汉青',1,'452802197302207933',1,0,0,0,0,0,0,0,0,0,0,0,0,0,'18877752688','',0),(56,56,'黄锦湘',1,'450702196710177815',1,0,0,0,0,0,0,0,0,0,0,0,0,0,'15707775988','',0),(57,57,'梁军成',1,'452802197808237873',1,0,0,0,0,0,0,0,0,0,0,0,0,0,'13977733495','',0),(58,58,'梁君杨',1,'452802196511057877',1,0,0,0,0,0,0,0,0,0,0,0,0,0,'13788297817','',0),(59,59,'朱光健',1,'450702198001217852',1,0,0,0,0,0,0,0,0,0,0,0,0,0,'15994601170','',0),(60,60,'钟日辉',1,'45070219790103781X',1,0,0,0,0,0,0,0,0,0,0,0,0,0,'19977709799','',0),(61,61,'叶雁贵',1,'452802196803077933',1,0,0,0,0,0,0,0,0,0,0,0,0,0,'15278717039','',0),(62,62,'何军',1,'450702197809027811',1,0,0,0,0,0,0,0,0,0,0,0,0,0,'18278708566','',0),(63,63,'邓家河',1,'452802197103278050',1,0,0,0,0,0,0,0,0,0,0,0,0,0,'18290196698','',0),(64,64,'张原起',1,'452802196511057877',1,0,0,0,0,0,0,0,0,0,0,0,0,0,'17878760649','',0),(65,65,'林家福',1,'45280219701001809X',1,0,0,0,0,0,0,0,0,0,0,0,0,0,'13457722309','',0),(66,66,'谭维王',1,'452730197902182311',1,0,0,0,0,0,0,0,0,0,0,0,0,0,'13804567478','',0),(67,67,'黄启东',1,'452730197412102315',1,0,0,0,0,0,0,0,0,0,0,0,0,0,'13788282400','',0),(68,68,'黄振炳',1,'452730197808112317',1,0,0,0,0,0,0,0,0,0,0,0,0,0,'15078631266','',0),(69,69,'黄振表',1,'452730198210292311',1,0,0,0,0,0,0,0,0,0,0,0,0,0,'18249924924','',0),(70,70,'韦华考',1,'452730198005296532',1,0,0,0,0,0,0,0,0,0,0,0,0,0,'18676111636','',0),(71,71,'蒙志轩',1,'452730196909171450',1,0,0,0,0,0,0,0,0,0,0,0,0,0,'15977480444','',0),(72,72,'龙华英',1,'452731196402122111',1,0,0,0,0,0,0,0,0,0,0,0,0,0,'15277779068','',0),(73,73,'唐秀榜',1,'452730198606236535',1,0,0,0,0,0,0,0,0,0,0,0,0,0,'13580963118','',0),(74,74,'唐秀标',1,'452730198201206530',1,0,0,0,0,0,0,0,0,0,0,0,0,0,'18107772660','',0),(75,75,'黄举高',1,'452730196710102335',1,0,0,0,0,0,0,0,0,0,0,0,0,0,'18174731552','',0),(76,76,'梁未英',1,'45273019840518234X',1,0,0,0,0,0,0,0,0,0,0,0,0,0,'15078644299','',0),(77,77,'葛银线',1,'45273019820111234X',1,0,0,0,0,0,0,0,0,0,0,0,0,0,'13702367519','',0),(78,78,'谭维锋',1,'45273019700928231X',1,0,0,0,0,0,0,0,0,0,0,0,0,0,'17776407860','',0),(79,79,'黄玉花',1,'452730194710306523',1,0,0,0,0,0,0,0,0,0,0,0,0,0,'18258916292','',0),(80,80,'黄能强',1,'452802197904055711',1,0,0,0,0,0,0,0,0,0,0,0,0,0,'15278795661','',0),(81,81,'梁广星',1,'452802193511235713',1,0,0,0,0,0,0,0,0,0,0,0,0,0,'18378731269','',0),(82,82,'梁呈汇',1,'450702199806065715',1,0,0,0,0,0,0,0,0,0,0,0,0,0,'13977745917','',0),(83,83,'卜建玺',1,'452802195704045712',1,0,0,0,0,0,0,0,0,0,0,0,0,0,'18897703598','',0),(84,84,'陆爱琴',1,'452730195208216519',1,0,0,0,0,0,0,0,0,0,0,0,0,0,'15278784661','',0),(85,85,'黄家碧',1,'452730197808132318',1,0,0,0,0,0,0,0,0,0,0,0,0,0,'18777730436','',0),(86,86,'谭维实',1,'452730197508082312',1,0,0,0,0,0,0,0,0,0,0,0,0,0,'18777732153','',0),(87,87,'黄海',1,'452730197910182311',1,0,0,0,0,0,0,0,0,0,0,0,0,0,'13737070198','',0),(88,88,'谭维学',1,'452730196603152310',1,0,0,0,0,0,0,0,0,0,0,0,0,0,'15224569802','',0),(89,89,'黄举克',1,'452730196403142310',1,0,0,0,0,0,0,0,0,0,0,0,0,0,'18778794142','',0),(90,90,'韦安楼',1,'452730196304292313',1,0,0,0,0,0,0,0,0,0,0,0,0,0,'18775726296','',0),(91,91,'黄振甲',1,'45273019791014231X',1,0,0,0,0,0,0,0,0,0,0,0,0,0,'18249924924','',0),(92,92,'吴世钦',1,'452802197412045736',1,0,0,0,0,0,0,0,0,0,0,0,0,0,'15177965972','',0),(93,93,'黄能佑',1,'452802197001135710',1,0,0,0,0,0,0,0,0,0,0,0,0,0,'13471749848','',0),(94,94,'谭维流',1,'45273019730203231X',1,0,0,0,0,0,0,0,0,0,0,0,0,0,'13788499132','',0),(95,95,'梁岚呈',1,'450702199812285714',1,0,0,0,0,0,0,0,0,0,0,0,0,0,'18277714681','',0),(96,96,'卜盛新',1,'45280219460227572344',1,0,0,0,0,0,0,0,0,0,0,0,0,0,'13788491455','',0),(97,97,'朱色颜',1,'452802196305095717',1,0,0,0,0,0,0,0,0,0,0,0,0,0,'15677775892','',0),(98,98,'张业胜',1,'452802195810015736',1,0,0,0,0,0,0,0,0,0,0,0,0,0,'18278739542','',0),(99,99,'周就兴',1,'452802195302255717',1,0,0,0,0,0,0,0,0,0,0,0,0,0,'13471749769','',0),(100,100,'秦明远',1,'452731194006092118',1,0,0,0,0,0,0,0,0,0,0,0,0,0,'13788496498','',0),(101,101,'黄啟克',1,'452730197608262310',1,0,0,0,0,0,0,0,0,0,0,0,0,0,'15278769498','',0),(102,102,'田应广',1,'452730196204052136',1,0,0,0,0,0,0,0,0,0,0,0,0,0,'15278741035','',0),(103,103,'田应庭',1,'452731195608102111',1,0,0,0,0,0,0,0,0,0,0,0,0,0,'13977724726','',0),(104,104,'唐秀克',1,'452730197011116513',1,0,0,0,0,0,0,0,0,0,0,0,0,0,'18897778508','',0),(105,105,'肖元甲',1,'45273019550608231X',1,0,0,0,0,0,0,0,0,0,0,0,0,0,'13977738451','',0),(106,106,'葛柳枝',1,'452730198608302321',1,0,0,0,0,0,0,0,0,0,0,0,0,0,'13768171698','',0),(107,107,'秦洪兴',1,'452730196902082113',1,0,0,0,0,0,0,0,0,0,0,0,0,0,'13788496498','',0),(108,108,'龙朝亮',1,'450702199103065719',1,0,0,0,0,0,0,0,0,0,0,0,0,0,'18276781224','',0),(109,109,'肖妙',1,'452730198201152341',1,0,0,0,0,0,0,0,0,0,0,0,0,0,'18278725715','',0),(110,110,'李连英',1,'452802193110045724',1,0,0,0,0,0,0,0,0,0,0,0,0,0,'13607891727','',0),(111,111,'黄妹珍',1,'45280219770420572X',1,0,0,0,0,0,0,0,0,0,0,0,0,0,'15807770051','',0),(112,112,'庞汉邦',1,'45280219471115631X',1,0,0,0,0,0,0,0,0,0,0,0,0,0,'18377759450','',0),(113,113,'梁春妹',1,'450702200605086320',1,0,0,0,0,0,0,0,0,0,0,0,0,0,'15177976334','',0),(114,114,'刘功宝',1,'452802195004056000',1,0,0,0,0,0,0,0,0,0,0,0,0,0,'18290178280','',0),(115,115,'谢龙成',1,'45280219780516631X',1,0,0,0,0,0,0,0,0,0,0,0,0,0,'15977007387','',0),(116,116,'黄啟英',1,'450702199801166322',1,0,0,0,0,0,0,0,0,0,0,0,0,0,'13471708337','',0),(117,117,'黄功利',1,'452802196705086334',1,0,0,0,0,0,0,0,0,0,0,0,0,0,'18775762487','',0),(118,118,'范运庆',1,'452802195305026311',1,0,0,0,0,0,0,0,0,0,0,0,0,0,'13471787522','',0),(119,119,'杨家会',1,'452802196712036000',1,0,0,0,0,0,0,0,0,0,0,0,0,0,'13457707331','',0),(120,120,'陆华山',1,'452802195705136317',1,0,0,0,0,0,0,0,0,0,0,0,0,0,'18277751012','',0),(121,121,'范开胜',1,'452802196311036318',1,0,0,0,0,0,0,0,0,0,0,0,0,0,'15007777181','',0),(122,122,'张业成',1,'452802195103246316',1,0,0,0,0,0,0,0,0,0,0,0,0,0,'18277988849','',0),(123,123,'杨国辉',1,'452802196911246319',1,0,0,0,0,0,0,0,0,0,0,0,0,0,'13977771362','',0),(124,124,'黄有态',1,'452802196406086334',1,0,0,0,0,0,0,0,0,0,0,0,0,0,'15994617197','',0),(125,125,'谢进锋',1,'452802196707226000',1,0,0,0,0,0,0,0,0,0,0,0,0,0,'14797779017','',0),(126,126,'梁钟胜',1,'450702198610046358',1,0,0,0,0,0,0,0,0,0,0,0,0,0,'18290195958','',0),(127,127,'文平善',1,'452802196606126310',1,0,0,0,0,0,0,0,0,0,0,0,0,0,'18775718250','',0),(128,128,'黄荣华',1,'450702198309146317',1,0,0,0,0,0,0,0,0,0,0,0,0,0,'13609720979','',0),(129,129,'黄益金',1,'45280219321016632074',1,0,0,0,0,0,0,0,0,0,0,0,0,0,'13558077459','',0),(130,130,'杨兴仁',1,'452802196901136319',1,0,0,0,0,0,0,0,0,0,0,0,0,0,'14796122556','',0),(131,131,'刘礼照',1,'452802196501116335',1,0,0,0,0,0,0,0,0,0,0,0,0,0,'14796127038','',0),(132,132,'黄俊积',1,'450702199510076319',1,0,0,0,0,0,0,0,0,0,0,0,0,0,'17665162042','',0),(133,133,'廖良国',1,'450702199007046331',1,0,0,0,0,0,0,0,0,0,0,0,0,0,'13977731402','',0),(134,134,'廖良武',1,'452802195908046311',1,0,0,0,0,0,0,0,0,0,0,0,0,0,'18778798676','',0),(135,135,'梁立生',1,'450702199010066376',1,0,0,0,0,0,0,0,0,0,0,0,0,0,'18777738965','',0),(136,136,'陈子桂',1,'450702198103096318',1,0,0,0,0,0,0,0,0,0,0,0,0,0,'18777726231','',0),(137,137,'张有进',1,'452802197108136318',1,0,0,0,0,0,0,0,0,0,0,0,0,0,'18278705783','',0),(138,138,'杨祖环',1,'45280219551215631143',1,0,0,0,0,0,0,0,0,0,0,0,0,0,'13471789984','',0),(139,139,'巫彩新',1,'450702199504266327',1,0,0,0,0,0,0,0,0,0,0,0,0,0,'15578729873','',0),(140,140,'黄美英',1,'452802195707026349',1,0,0,0,0,0,0,0,0,0,0,0,0,0,'13558079139','',0),(141,141,'滕秀珍',1,'45280219331121634X',1,0,0,0,0,0,0,0,0,0,0,0,0,0,'13877781546','',0),(142,142,'廖良聪',1,'452802196408206336',1,0,0,0,0,0,0,0,0,0,0,0,0,0,'13457716959','',0),(143,143,'何贤喜',1,'452802197011076339',1,0,0,0,0,0,0,0,0,0,0,0,0,0,'15278712465','',0),(144,144,'杨兴达',1,'452802195403026315',1,0,0,0,0,0,0,0,0,0,0,0,0,0,'18378749881','',0),(145,145,'林开宣',1,'450702200211206350',1,0,0,0,0,0,0,0,0,0,0,0,0,0,'13471715763','',0),(146,146,'梁积伶',1,'452802194712266318',1,0,0,0,0,0,0,0,0,0,0,0,0,0,'18290173501','',0),(147,147,'陆秀英',1,'452802193808266326',1,0,0,0,0,0,0,0,0,0,0,0,0,0,'15078914851','',0),(148,148,'张原其',1,'452802193406046312',1,0,0,0,0,0,0,0,0,0,0,0,0,0,'15994644052','',0),(149,149,'杨兴讨',1,'452802194709126314',1,0,0,0,0,0,0,0,0,0,0,0,0,0,'18277715208','',0),(150,150,'梁积涛',1,'45280219520708633743',1,0,0,0,0,0,0,0,0,0,0,0,0,0,'18207875032','',0),(151,151,'陈秀美',1,'45280219630105635842',1,0,0,0,0,0,0,0,0,0,0,0,0,0,'18777706715','',0),(152,152,'阮文喜',1,'45280219681104631X',1,0,0,0,0,0,0,0,0,0,0,0,0,0,'13471711929','',0),(153,153,'黄丽丽',1,'450702199608086347',1,0,0,0,0,0,0,0,0,0,0,0,0,0,'18977735990','',0),(154,154,'陆大贤',1,'452802195904296313',1,0,0,0,0,0,0,0,0,0,0,0,0,0,'19177721229','',0),(155,155,'杨兴胜',1,'452802196301276318',1,0,0,0,0,0,0,0,0,0,0,0,0,0,'17772065398','',0),(156,156,'张志莲',1,'452802194610016326',1,0,0,0,0,0,0,0,0,0,0,0,0,0,'18290181570','',0),(157,157,'黄远池',1,'452802195209126312',1,0,0,0,0,0,0,0,0,0,0,0,0,0,'13471780144','',0),(158,158,'樊春梅',1,'452730198012285022',1,0,0,0,0,0,0,0,0,0,0,0,0,0,'13471747085','',0),(159,159,'黄卓湖',1,'452802196411206353',1,0,0,0,0,0,0,0,0,0,0,0,0,0,'13788078185','',0),(160,160,'陆作活',1,'452802196910256355',1,0,0,0,0,0,0,0,0,0,0,0,0,0,'18290189136','',0),(161,161,'陈瑞恭',1,'452802196102046376',1,0,0,0,0,0,0,0,0,0,0,0,0,0,'15977008854','',0),(162,162,'黄伦业',1,'452802195007066331',1,0,0,0,0,0,0,0,0,0,0,0,0,0,'13877787344','',0),(163,163,'赵丽娟',1,'452802195908016323',1,0,0,0,0,0,0,0,0,0,0,0,0,0,'17374887843','',0),(164,164,'黄振启',1,'452802197807256319',1,0,0,0,0,0,0,0,0,0,0,0,0,0,'18775729268','',0),(165,165,'邓绍玉',1,'45280219660706633X62',1,0,0,0,0,0,0,0,0,0,0,0,0,0,'18278705561','',0),(166,166,'李林胜',1,'452802196908026016',1,0,0,0,0,0,0,0,0,0,0,0,0,0,'15878939266','',0),(167,167,'檀瑞安',1,'452802195709126036',1,0,0,0,0,0,0,0,0,0,0,0,0,0,'','',0),(168,168,'杨凤青',1,'45280219690303602062',1,0,0,0,0,0,0,0,0,0,0,0,0,0,'13788493152','',0),(169,169,'卜子礼',1,'452802196403066012',1,0,0,0,0,0,0,0,0,0,0,0,0,0,'18207776401','',0),(170,170,'卜子起',1,'452802194912106052',1,0,0,0,0,0,0,0,0,0,0,0,0,0,'18777730863','',0),(171,171,'张棠三',1,'452802196202136010',1,0,0,0,0,0,0,0,0,0,0,0,0,0,'15278714539','',0),(172,172,'黄有林',1,'45280219550314602343',1,0,0,0,0,0,0,0,0,0,0,0,0,0,'13457722973','',0),(173,173,'劳世权',1,'45280219530703601142',1,0,0,0,0,0,0,0,0,0,0,0,0,0,'18877965604','',0),(174,174,'苏近池',1,'452802195110116018',1,0,0,0,0,0,0,0,0,0,0,0,0,0,'15778765202','',0),(175,175,'黄创余',1,'452802196202206015',1,0,0,0,0,0,0,0,0,0,0,0,0,0,'13471759337','',0),(176,176,'吴海荣',1,'450702193008056016',1,0,0,0,0,0,0,0,0,0,0,0,0,0,'15278711838','',0),(177,177,'吴宣荣',1,'452802194703026013',1,0,0,0,0,0,0,0,0,0,0,0,0,0,'15778707681','',0),(178,178,'卜翠金',1,'45070219830903602X',1,0,0,0,0,0,0,0,0,0,0,0,0,0,'18775724908','',0),(179,179,'黄仙耀',1,'452802195307066018',1,0,0,0,0,0,0,0,0,0,0,0,0,0,'14797773641','',0),(180,180,'刘为河',1,'452802196602146015',1,0,0,0,0,0,0,0,0,0,0,0,0,0,'13457711020','',0),(181,181,'黄泽萌',1,'452802196208166034',1,0,0,0,0,0,0,0,0,0,0,0,0,0,'13977739823','',0),(182,182,'叶恒昌',1,'45280219490116603314',1,0,0,0,0,0,0,0,0,0,0,0,0,0,'18777705972','',0),(183,183,'余英桃',1,'452802194708106012',1,0,0,0,0,0,0,0,0,0,0,0,0,0,'15107895938','',0),(184,184,'李彩英',1,'452802193903276020',1,0,0,0,0,0,0,0,0,0,0,0,0,0,'13471759862','',0),(185,185,'杨色旦',1,'45280219480312601114',1,0,0,0,0,0,0,0,0,0,0,0,0,0,'13471784984','',0),(186,186,'农君胜',1,'45280219640620605X',1,0,0,0,0,0,0,0,0,0,0,0,0,0,'18407779589','',0),(187,187,'黄创恒',1,'450702199709226038',1,0,0,0,0,0,0,0,0,0,0,0,0,0,'15878963413','',0),(188,188,'朱光胜',1,'452802196408206010',1,0,0,0,0,0,0,0,0,0,0,0,0,0,'18897673701','',0),(189,189,'吴光任',1,'452802196602276012',1,0,0,0,0,0,0,0,0,0,0,0,0,0,'18070785549','',0),(190,190,'卜建行',1,'45280219660702601253',1,0,0,0,0,0,0,0,0,0,0,0,0,0,'15807778020','',0),(191,191,'韦全有',1,'45280219420625601014',1,0,0,0,0,0,0,0,0,0,0,0,0,0,'13517777849','',0),(192,192,'肖大政',1,'452802197111226031',1,0,0,0,0,0,0,0,0,0,0,0,0,0,'18775752818','',0),(193,193,'黄恒芩',1,'452802196307216033',1,0,0,0,0,0,0,0,0,0,0,0,0,0,'18277732660','',0),(194,194,'黄恒荘',1,'452802195902156034',1,0,0,0,0,0,0,0,0,0,0,0,0,0,'13737776714','',0),(195,195,'钟兴才',1,'45280219691220601X42',1,0,0,0,0,0,0,0,0,0,0,0,0,0,'14777707405','',0),(196,196,'刘秀明',1,'45280219370116601813',1,0,0,0,0,0,0,0,0,0,0,0,0,0,'18278719597','',0),(197,197,'吴能海',1,'452802196502076013',1,0,0,0,0,0,0,0,0,0,0,0,0,0,'13977780162','',0),(198,198,'黄树仙',1,'45280219660709603744',1,0,0,0,0,0,0,0,0,0,0,0,0,0,'15994611859','',0),(199,199,'刘万清',1,'452802196404246058',1,0,0,0,0,0,0,0,0,0,0,0,0,0,'18775755281','',0),(200,200,'吴光和',1,'452802197104056011',1,0,0,0,0,0,0,0,0,0,0,0,0,0,'18775732759','',0),(201,201,'邓远锋',1,'452802196806226033',1,0,0,0,0,0,0,0,0,0,0,0,0,0,'13878957845','',0),(202,202,'黄志柳',1,'452802196808296051',1,0,0,0,0,0,0,0,0,0,0,0,0,0,'18707775219','',0),(203,203,'张河升',1,'452802196306176017',1,0,0,0,0,0,0,0,0,0,0,0,0,0,'15878937831','',0),(204,204,'卜大余',1,'452802196610156010',1,0,0,0,0,0,0,0,0,0,0,0,0,0,'15078915549','',0),(205,205,'卜建煜',1,'452802197309156016',1,0,0,0,0,0,0,0,0,0,0,0,0,0,'15177993548','',0),(206,206,'韦家袖',1,'452802197302066018',1,0,0,0,0,0,0,0,0,0,0,0,0,0,'15107776391','',0),(207,207,'韦直基',1,'452802196201026039',1,0,0,0,0,0,0,0,0,0,0,0,0,0,'18778871358','',0),(208,208,'黄远钦',1,'45280219691225605X',1,0,0,0,0,0,0,0,0,0,0,0,0,0,'18775718971','',0),(209,209,'黄其营',1,'45280219560524605X',1,0,0,0,0,0,0,0,0,0,0,0,0,0,'15278785789','',0),(210,210,'李远启',1,'450702197608156019',1,0,0,0,0,0,0,0,0,0,0,0,0,0,'13788493843','',0),(211,211,'钟永长',1,'452802197702226017',1,0,0,0,0,0,0,0,0,0,0,0,0,0,'13977745291','',0),(212,212,'刘明矿',1,'45280219670417603943',1,0,0,0,0,0,0,0,0,0,0,0,0,0,'13471708936','',0),(213,213,'梁明信',1,'45280219701001601943',1,0,0,0,0,0,0,0,0,0,0,0,0,0,'13647772906','',0),(214,214,'赵英秀',1,'45280219410606602574',1,0,0,0,0,0,0,0,0,0,0,0,0,0,'18177773487','',0),(215,215,'张怀竟',1,'452802194910206017',1,0,0,0,0,0,0,0,0,0,0,0,0,0,'15107777070','',0),(216,216,'韦全郁',1,'452802195407146015',1,0,0,0,0,0,0,0,0,0,0,0,0,0,'13367770572','',0),(217,217,'张河明',1,'450702198103056033',1,0,0,0,0,0,0,0,0,0,0,0,0,0,'13517777980','',0),(218,218,'韦家添',1,'452802197102146013',1,0,0,0,0,0,0,0,0,0,0,0,0,0,'13737760633','',0),(219,219,'卜大池',1,'45280219451219601X',1,0,0,0,0,0,0,0,0,0,0,0,0,0,'18277729209','',0),(220,220,'卢战',1,'452730197303060814',1,0,0,0,0,0,0,0,0,0,0,0,0,0,'13907773096','',0),(221,221,'覃大健',1,'452730197603140816',1,0,0,0,0,0,0,0,0,0,0,0,0,0,'13877722707','',0),(222,222,'覃刁',1,'452730198007180832',1,0,0,0,0,0,0,0,0,0,0,0,0,0,'13877722707','',0),(223,223,'石锐',1,'452730198103080858',1,0,0,0,0,0,0,0,0,0,0,0,0,0,'13607770813','',0),(224,224,'谭云圩',1,'452730197006070856',1,0,0,0,0,0,0,0,0,0,0,0,0,0,'13607770813','',0),(225,225,'唐旭孟',1,'452730197211090813',1,0,0,0,0,0,0,0,0,0,0,0,0,0,'13087772355','',0),(226,226,'陆庭高',1,'452730198603240811',1,0,0,0,0,0,0,0,0,0,0,0,0,0,'13087772355','',0),(227,227,'卢美福',1,'452730197502150927',1,0,0,0,0,0,0,0,0,0,0,0,0,0,'18677722922','',0),(228,228,'韦少兴',1,'452730196607292011',1,0,0,0,0,0,0,0,0,0,0,0,0,0,'18677722922','',0),(229,229,'陆宝福',1,'452730195707120837',1,0,0,0,0,0,0,0,0,0,0,0,0,0,'18777711196','',0),(230,230,'韦立',1,'452730198607210812',1,0,0,0,0,0,0,0,0,0,0,0,0,0,'18777711196','',0),(231,231,'韦家玉',1,'452730195805050879',1,0,0,0,0,0,0,0,0,0,0,0,0,0,'13877797778','',0),(232,232,'梁孟初',1,'452730196303212019',1,0,0,0,0,0,0,0,0,0,0,0,0,0,'13607779996','',0),(233,233,'陆金条',1,'452730198306050915',1,0,0,0,0,0,0,0,0,0,0,0,0,0,'13607779996','',0),(234,234,'黄瑞旭',1,'45273019661129473034',1,0,0,0,0,0,0,0,0,0,0,0,0,0,'13907771515','',0),(235,235,'韦瑞海',1,'452730198812046812',1,0,0,0,0,0,0,0,0,0,0,0,0,0,'15907779999','',0),(236,236,'韦炳文',1,'452730195808056512',1,0,0,0,0,0,0,0,0,0,0,0,0,0,'13807778580','',0),(237,237,'蒙桂方',1,'452730193801016519',1,0,0,0,0,0,0,0,0,0,0,0,0,0,'','',0),(238,238,'蒙妹斌',1,'452730194205246523',1,0,0,0,0,0,0,0,0,0,0,0,0,0,'','',0),(239,239,'黄永开',1,'452730195808282018',1,0,0,0,0,0,0,0,0,0,0,0,0,0,'18878093333','',0),(240,240,'周胜南',1,'452730197112286538',1,0,0,0,0,0,0,0,0,0,0,0,0,0,'13907771515','',0),(241,241,'谭如柳',1,'452730198606136526',1,0,0,0,0,0,0,0,0,0,0,0,0,0,'13977788610','',0),(242,242,'谭艳锋',1,'452730198605086520',1,0,0,0,0,0,0,0,0,0,0,0,0,0,'18807776318','',0),(243,243,'韦家轩',1,'452730196303130814',1,0,0,0,0,0,0,0,0,0,0,0,0,0,'13907771079','',0),(244,244,'陆国政',1,'45273019740708081X',1,0,0,0,0,0,0,0,0,0,0,0,0,0,'13907771079','',0),(245,245,'韦桂宜',1,'45273019811001084X',1,0,0,0,0,0,0,0,0,0,0,0,0,0,'13907773096','',0),(246,246,'韦秀玉',1,'45273019640127051143',1,0,0,0,0,0,0,0,0,0,0,0,0,0,'13907773096','',0),(247,247,'韦职富',1,'452730195505056830',1,0,0,0,0,0,0,0,0,0,0,0,0,0,'15907779999','',0),(248,248,'谭龙宁',1,'452730195810206559',1,0,0,0,0,0,0,0,0,0,0,0,0,0,'13977788610','',0),(249,249,'石昌杰',1,'450702196905073936',1,0,0,0,0,0,0,0,0,0,0,0,0,0,'13807778580','',0),(250,250,'覃宝甲',1,'452730197612200876',1,0,0,0,0,0,0,0,0,0,0,0,0,0,'15907779999','',0),(251,251,'钟少丽',1,'450702200001253941',1,0,0,0,0,0,0,0,0,0,0,0,0,0,'13977748157','',0),(252,252,'黄亮',1,'45280219730912391972',1,0,0,0,0,0,0,0,0,0,0,0,0,0,'13707775739','',0),(253,253,'邓家勋',1,'450702200209293918',1,0,0,0,0,0,0,0,0,0,0,0,0,0,'18070787810','',0),(254,254,'黄洁洁',1,'45070219490920391162',1,0,0,0,0,0,0,0,0,0,0,0,0,0,'15277770655','',0),(255,255,'黄兴禄',1,'450602196304082735',1,0,0,0,0,0,0,0,0,0,0,0,0,0,'13557475572','',0),(256,256,'苏超英',1,'452802195508123963',1,0,0,0,0,0,0,0,0,0,0,0,0,0,'18277722635','',0),(257,257,'梁凤初',1,'452802193201123935',1,0,0,0,0,0,0,0,0,0,0,0,0,0,'15807776556','',0),(258,258,'黎仁真',1,'452802195904163932',1,0,0,0,0,0,0,0,0,0,0,0,0,0,'13217775338','',0),(259,259,'褚立业',1,'450702198001053958',1,0,0,0,0,0,0,0,0,0,0,0,0,0,'13907877166','',0),(260,260,'刘大禹',1,'45280219700226391723',1,0,0,0,0,0,0,0,0,0,0,0,0,0,'18677744799','',0),(261,261,'李开炳',1,'452802196110173930',1,0,0,0,0,0,0,0,0,0,0,0,0,0,'13977777336','',0),(262,262,'赖盛春',1,'45280219320805393344',1,0,0,0,0,0,0,0,0,0,0,0,0,0,'13977793068','',0),(263,290,'打怪',1,'12',1,3,2,2,2,2,4,2,0,0,0,0,0,0,'12','',1),(264,290,'上来',0,'214',3,4,1,3,1,2,1,3,0,0,0,0,0,0,'124','',1),(265,291,'高尚',1,'12',1,1,1,1,1,1,1,1,1,1,1,1,1,1,'12','',1),(266,296,'打怪',1,'',1,1,1,1,1,1,1,1,1,1,1,1,1,1,'12355552222','',1);

/*Table structure for table `ym_jtjbqk_jtjbxx` */

DROP TABLE IF EXISTS `ym_jtjbqk_jtjbxx`;

CREATE TABLE `ym_jtjbqk_jtjbxx` (
  `id` int(10) unsigned NOT NULL AUTO_INCREMENT,
  `shi` varchar(20) NOT NULL DEFAULT '' COMMENT '市',
  `xian` varchar(20) NOT NULL DEFAULT '' COMMENT '县（市、区）',
  `zhen` varchar(20) NOT NULL DEFAULT '' COMMENT '镇（乡、街道）',
  `xzc` varchar(20) NOT NULL DEFAULT '' COMMENT '行政村',
  `zrct` varchar(20) NOT NULL DEFAULT '' COMMENT '自然村（屯）',
  `lxdh` varchar(20) NOT NULL DEFAULT '' COMMENT '联系电话',
  `khyh` varchar(50) NOT NULL DEFAULT '' COMMENT '开户银行',
  `yhkh` varchar(20) NOT NULL DEFAULT '' COMMENT '银行卡号',
  `pkhsx` smallint(3) unsigned NOT NULL DEFAULT 0 COMMENT '贫困户属性',
  `jhtpnd` smallint(5) unsigned NOT NULL DEFAULT 0 COMMENT '计划脱贫年度',
  `fpnd` smallint(5) unsigned NOT NULL DEFAULT 0 COMMENT '返贫年度',
  `fpyy` varchar(20) NOT NULL DEFAULT '' COMMENT '返贫原因',
  `sfjls` smallint(1) unsigned NOT NULL DEFAULT 0 COMMENT '是否军烈属,1是0否',
  `sfbqh` smallint(1) unsigned NOT NULL DEFAULT 1 COMMENT '是否搬迁户,1是0否',
  `bqfs` varchar(20) NOT NULL DEFAULT '' COMMENT '搬迁方式',
  `bqdz` varchar(80) NOT NULL DEFAULT '' COMMENT '搬迁地址',
  `lrrq` datetime DEFAULT NULL COMMENT '录入日期',
  `xgrq` datetime DEFAULT NULL COMMENT '修改日期',
  `lrrdm` int(10) unsigned NOT NULL DEFAULT 0 COMMENT '录入人代码,id',
  `scbz` tinyint(1) unsigned NOT NULL DEFAULT 0 COMMENT '删除标志',
  `azd` varchar(20) NOT NULL DEFAULT '' COMMENT '安置点+',
  `ldfh` varchar(50) NOT NULL DEFAULT '' COMMENT '楼栋房号+',
  `ndbqrw` varchar(20) NOT NULL DEFAULT '' COMMENT '年度搬迁任务+',
  `qcdxxdz` varchar(200) NOT NULL DEFAULT '' COMMENT '迁出地详细地址+',
  `qcdlx` varchar(200) NOT NULL DEFAULT '' COMMENT '迁出地类型+',
  `jtsyrk` tinyint(3) unsigned NOT NULL DEFAULT 1 COMMENT '家庭受益人口+',
  `zfmj` decimal(6,2) unsigned NOT NULL DEFAULT 0.00 COMMENT '住房面积㎡+',
  `zczj` decimal(8,2) unsigned NOT NULL DEFAULT 0.00 COMMENT '自筹资金（元）+',
  `bqrzsj` date DEFAULT NULL COMMENT '搬迁入住时间+',
  `sjrzsj` date DEFAULT NULL COMMENT '实际入住时间+',
  `yyzf` varchar(30) NOT NULL DEFAULT '' COMMENT '原有住房（类型）+',
  `yyzfmj` decimal(6,2) unsigned NOT NULL DEFAULT 0.00 COMMENT '原有住房面积㎡+',
  `ccjf` varchar(20) NOT NULL DEFAULT '' COMMENT '拆除住房+',
  `bhzfzl` tinyint(3) unsigned NOT NULL DEFAULT 0 COMMENT '保护住房种类+',
  `ccsj` date DEFAULT NULL COMMENT '拆除时间+',
  `ccjfmj` decimal(6,2) unsigned NOT NULL DEFAULT 0.00 COMMENT '拆除旧房面积㎡+',
  `dxcfjl` decimal(8,2) unsigned NOT NULL DEFAULT 0.00 COMMENT '兑现拆房奖励（元）+',
  `fkflqk` varchar(20) DEFAULT '' COMMENT '复垦复绿情况+',
  `cyfcxm` varchar(200) NOT NULL DEFAULT '' COMMENT '产业扶持项目+',
  `nnhdcyfczj` decimal(8,2) unsigned NOT NULL DEFAULT 0.00 COMMENT '年内获得产业扶持资金（元）+',
  `tpqk` varchar(4) NOT NULL DEFAULT '' COMMENT '脱贫情况+',
  `hkqy` char(1) NOT NULL DEFAULT '' COMMENT '户口迁移+',
  `fczblhq` char(1) DEFAULT '' COMMENT '房产证办理获取+',
  PRIMARY KEY (`id`)
) ENGINE=InnoDB AUTO_INCREMENT=297 DEFAULT CHARSET=utf8 COMMENT='贫困户家庭基本情况-基本信息';

/*Data for the table `ym_jtjbqk_jtjbxx` */

insert  into `ym_jtjbqk_jtjbxx`(`id`,`shi`,`xian`,`zhen`,`xzc`,`zrct`,`lxdh`,`khyh`,`yhkh`,`pkhsx`,`jhtpnd`,`fpnd`,`fpyy`,`sfjls`,`sfbqh`,`bqfs`,`bqdz`,`lrrq`,`xgrq`,`lrrdm`,`scbz`,`azd`,`ldfh`,`ndbqrw`,`qcdxxdz`,`qcdlx`,`jtsyrk`,`zfmj`,`zczj`,`bqrzsj`,`sjrzsj`,`yyzf`,`yyzfmj`,`ccjf`,`bhzfzl`,`ccsj`,`ccjfmj`,`dxcfjl`,`fkflqk`,`cyfcxm`,`nnhdcyfczj`,`tpqk`,`hkqy`,`fczblhq`) values (1,'0','0','0','','','','0','',1,0,2019,'',0,1,'','',NULL,NULL,0,0,'高新区集中安置点','3﹟310、5﹟2-105','2017','大番坡镇板桥村仁三村民小组','地方病严重、地质灾害频发，以及其他确需实施易地扶贫搬迁的地区。',1,'117.41','12500.00','2017-11-01','2017-11-01','无房户','0.00','',0,NULL,'0.00','0.00','2017','种植优质稻','2017.00','2017','','否'),(2,'0','0','0','','','','0','',0,0,0,'',0,1,'','',NULL,NULL,0,0,'高新区集中安置点','1﹟1-602','2017','大番坡镇板桥村仁二村民小组','地方病严重、地质灾害频发，以及其他确需实施易地扶贫搬迁的地区。',1,'69.37','7500.00','2017-11-01','2017-11-01','无房户','0.00','',0,NULL,'0.00','0.00','2017','种植优质稻','2017.00','2017','','否'),(3,'0','0','0','','','','0','',0,0,0,'',0,1,'','',NULL,NULL,0,0,'高新区集中安置点','3﹟603、4#3-405','2017','大番坡镇辣椒槌村辣椒槌七队村民小组','地方病严重、地质灾害频发，以及其他确需实施易地扶贫搬迁的地区。',1,'140.95','15000.00','2017-11-01','2017-11-01','连体房','40.00','已拆除',0,'2019-09-01','40.00','0.00','2017','种植桉树','2017.00','2017','','否'),(4,'0','0','0','','','','0','',0,0,0,'',0,1,'','',NULL,NULL,0,0,'高新区集中安置点','1﹟3-402','2017','大番坡镇大番坡村石东自然村石东村民小组自然村屯','地方病严重、地质灾害频发，以及其他确需实施易地扶贫搬迁的地区。',1,'69.37','7500.00','2017-11-01','2017-11-01','无房户','0.00','',0,NULL,'0.00','0.00','2017','养鸡','2017.00','2017','','否'),(5,'0','0','0','','','','0','',0,0,0,'',0,1,'','',NULL,NULL,0,0,'高新区集中安置点','3#112、5#1-101','2017','黄屋屯镇屯光村红卫','地方病严重、地质灾害频发，以及其他确需实施易地扶贫搬迁的地区。',1,'117.00','12500.00','2017-11-01','2017-11-01','连体房','0.00','',0,NULL,'0.00','0.00','2017','种植优质稻、养牛','2017.00','2017','','否'),(6,'0','0','0','','','','0','',0,0,0,'',0,1,'','',NULL,NULL,0,0,'高新区集中安置点','4#2-405','2017','黄屋屯镇屯利村五队','地方病严重、地质灾害频发，以及其他确需实施易地扶贫搬迁的地区。',1,'93.12','10000.00','2017-12-01','2017-12-01','连体房','0.00','',0,NULL,'0.00','0.00','2017','','2017.00','2017','','否'),(7,'0','0','0','','','','0','',0,0,0,'',0,1,'','',NULL,NULL,0,0,'高新区集中安置点','1#1-501','2017','尖山镇黄坡督村后塘','地方病严重、地质灾害频发，以及其他确需实施易地扶贫搬迁的地区。',1,'93.19','10000.00','2017-11-01','2017-11-01','连体房','14.19','已拆除',0,'2019-09-01','14.19','0.00','','养鸭、养鸡','2017.00','2018','','否'),(8,'0','0','0','','','','0','',0,0,0,'',0,1,'','',NULL,NULL,0,0,'高新区集中安置点','4#1-501','2017','尖山镇谷仓村谷仓二队','地方病严重、地质灾害频发，以及其他确需实施易地扶贫搬迁的地区。',1,'93.19','10000.00','2017-12-01','2017-12-01','连体房','16.00','已拆除',0,'2019-09-01','16.00','0.00','','养鸡','2500.00','2018','','否'),(9,'0','0','0','','','','0','',0,0,0,'',0,1,'','',NULL,NULL,0,0,'高新区集中安置点','5#3-102、4#3-301','2017','久隆镇石安村石安自然村第四小组自然村屯','地方病严重、地质灾害频发，以及其他确需实施易地扶贫搬迁的地区。',1,'142.15','15000.00','2017-12-01','2017-12-01','自建独立房','45.00','已拆除',0,'2019-08-01','45.00','0.00','已复绿','糖料蔗、中药材','4000.00','2018','','否'),(10,'0','0','0','','','','0','',0,0,0,'',0,1,'','',NULL,NULL,0,0,'高新区集中安置点','5#2-201','2017','久隆镇石安村新村自然村第十三小组自然村屯','地方病严重、地质灾害频发，以及其他确需实施易地扶贫搬迁的地区。',1,'68.58','7500.00','2017-11-01','2017-11-01','自建独立房','18.00','已拆除',0,'2019-04-01','18.00','0.00','','养猪','3150.00','2018','','否'),(11,'0','0','0','','','','0','',0,0,0,'',0,1,'','',NULL,NULL,0,0,'高新区集中安置点','3#613','2017','久隆镇石安村新村自然村第十三小组自然村屯','地方病严重、地质灾害频发，以及其他确需实施易地扶贫搬迁的地区。',1,'47.76','5000.00','2017-11-01','2017-11-01','自建独立房','17.00','已拆除',0,'2019-04-01','17.00','0.00','','养猪、种植桉树、松山','900.00','2017','','否'),(12,'0','0','0','','','','0','',0,0,0,'',0,1,'','',NULL,NULL,0,0,'高新区集中安置点','5#3-402、1#2-202、2#1-405','2017','久隆镇石安村黄茅岭自然村第三小组自然村屯','地方病严重、地质灾害频发，以及其他确需实施易地扶贫搬迁的地区。',1,'210.97','22500.00','2017-11-01','2017-11-01','自建独立房','52.00','已拆除',0,'2019-08-01','52.00','0.00','','种植甘蔗、优质稻','5000.00','2017','','否'),(13,'0','0','0','','','','0','',0,0,0,'',0,1,'','',NULL,NULL,0,0,'高新区集中安置点','5#2-202、4#3-205','2017','久隆镇久隆村第七生产小组','地方病严重、地质灾害频发，以及其他确需实施易地扶贫搬迁的地区。',1,'141.76','15000.00','2017-12-01','2017-12-01','自建独立房','60.00','已拆除',0,'2018-10-01','60.00','0.00','已复绿','种植甘蔗、优质稻','0.00','2018','','否'),(14,'0','0','0','','','','0','',0,0,0,'',0,1,'','',NULL,NULL,0,0,'高新区集中安置点','1#2-505','2017','久隆镇久隆村第一生产小组','地方病严重、地质灾害频发，以及其他确需实施易地扶贫搬迁的地区。',1,'93.19','10000.00','2017-11-01','2017-11-01','自建独立房','70.00','已拆除',0,'2018-10-01','70.00','0.00','已复绿','种植优质稻','5000.00','2018','','否'),(15,'0','0','0','','','','0','',0,0,0,'',0,1,'','',NULL,NULL,0,0,'高新区集中安置点','2#1-102、1#2-301','2017','久隆镇白鹤村两头埚村','地方病严重、地质灾害频发，以及其他确需实施易地扶贫搬迁的地区。',1,'141.30','15000.00','2017-11-01','2017-11-01','自建独立房','50.00','已拆除',0,'2019-02-01','50.00','0.00','已复绿','种植优质稻','5000.00','2018','','否'),(16,'0','0','0','','','','0','',0,0,0,'',0,1,'','',NULL,NULL,0,0,'高新区集中安置点','4#3-601','2017','那彭镇凤凰岗顿麓七队','地方病严重、地质灾害频发，以及其他确需实施易地扶贫搬迁的地区。',1,'93.19','10000.00','2017-11-01','2017-11-01','连体房','31.22','已拆除',0,'2019-11-01','31.22','0.00','已复绿','','5000.00','2018','','否'),(17,'0','0','0','','','','0','',0,0,0,'',0,1,'','',NULL,NULL,0,0,'高新区集中安置点','5#2-402、2#3-202','2017','久隆镇新圩村委坡屋','地方病严重、地质灾害频发，以及其他确需实施易地扶贫搬迁的地区。',1,'117.94','12500.00','2017-11-01','2017-11-01','连体房','0.00','',0,NULL,'0.00','0.00','已复绿','种植优质稻、甘蔗','5000.00','2018','','否'),(18,'0','0','0','','','','0','',0,0,0,'',0,1,'','',NULL,NULL,0,0,'高新区集中安置点','2#2-203、4#2-105','2017','久隆镇平新村独竹','地方病严重、地质灾害频发，以及其他确需实施易地扶贫搬迁的地区。',1,'141.30','15000.00','2017-12-01','2017-12-01','自建独立房','40.00','已拆除',0,'2019-06-01','40.00','0.00','已复绿','种植优质稻、甘蔗','5000.00','2018','','否'),(19,'0','0','0','','','','0','',0,0,0,'',0,1,'','',NULL,NULL,0,0,'高新区集中安置点','5#3-503、2#3-205、5#1-305','2017','久隆镇荷木村方木坪自然村屯','地方病严重、地质灾害频发，以及其他确需实施易地扶贫搬迁的地区。',1,'234.79','25000.00','2017-11-01','2017-11-01','自建独立房','34.60','已拆除',0,'2018-10-01','34.60','0.00','已复绿','种植桉树、百香果、优质稻','5000.00','2018','','否'),(20,'0','0','0','','','','0','',0,0,0,'',0,1,'','',NULL,NULL,0,0,'高新区集中安置点','3#612、1#2-305','2017','久隆镇水铺村那立塘','地方病严重、地质灾害频发，以及其他确需实施易地扶贫搬迁的地区。',1,'140.95','15000.00','2017-11-01','2017-11-01','无房户','0.00','',0,NULL,'0.00','0.00','已复绿','种植优质稻','3700.00','2018','','否'),(21,'0','0','0','','','','0','',0,0,0,'',0,1,'','',NULL,NULL,0,0,'高新区集中安置点','4#2-301、4#3-605','2017','久隆镇水铺村鸭营','地方病严重、地质灾害频发，以及其他确需实施易地扶贫搬迁的地区。',1,'186.38','20000.00','2017-12-01','2017-12-01','连体房','0.00','',0,NULL,'0.00','0.00','已复绿','','5000.00','2018','','否'),(22,'0','0','0','','','','0','',0,0,0,'',0,1,'','',NULL,NULL,0,0,'高新区集中安置点','5#2-203、1#3-502','2017','久隆镇水铺村鸭营','地方病严重、地质灾害频发，以及其他确需实施易地扶贫搬迁的地区。',1,'117.94','12500.00','2017-11-01','2017-11-01','自建独立房','65.00','已拆除',0,'2018-10-01','65.00','0.00','已复绿','','5000.00','2019','','否'),(23,'0','0','0','','','','0','',0,0,0,'',0,1,'','',NULL,NULL,0,0,'高新区集中安置点','4#3-502','2017','久隆镇水铺村洋江坪','地方病严重、地质灾害频发，以及其他确需实施易地扶贫搬迁的地区。',1,'69.37','7500.00','2017-12-01','2017-12-01','无房户','0.00','',0,NULL,'0.00','0.00','','种植优质稻、养牛','0.00','2019','','否'),(24,'0','0','0','','','','0','',0,0,0,'',0,1,'','',NULL,NULL,0,0,'高新区集中安置点','1#1-102、2#1-401','2017','久隆镇高明村垭冲村七队自然村屯','地方病严重、地质灾害频发，以及其他确需实施易地扶贫搬迁的地区。',1,'162.01','17500.00','2017-11-01','2017-11-01','自建独立房','90.00','已拆除',0,'2019-05-01','90.00','0.00','已复绿','种植甘蔗','5000.00','2018','','否'),(25,'0','0','0','','','','0','',0,0,0,'',0,1,'','',NULL,NULL,0,0,'高新区集中安置点','3#606、1#1-403','2017','久隆镇高明村垭冲村七队自然村屯','地方病严重、地质灾害频发，以及其他确需实施易地扶贫搬迁的地区。',1,'117.13','12500.00','2017-11-01','2017-11-01','自建独立房','62.00','已拆除',0,'2019-05-01','62.00','0.00','已复绿','种植甘蔗、优质稻','5000.00','2019','','否'),(26,'0','0','0','','','','0','',0,0,0,'',0,1,'','',NULL,NULL,0,0,'高新区集中安置点','4#3-102、2#3-501','2017','久隆镇高明村垭冲村七队自然村屯','地方病严重、地质灾害频发，以及其他确需实施易地扶贫搬迁的地区。',1,'162.56','17500.00','2017-12-01','2017-12-01','自建独立房','100.00','已拆除',0,'2018-03-01','100.00','0.00','','','7000.00','2018','','否'),(27,'0','0','0','','','','0','',0,0,0,'',0,1,'','',NULL,NULL,0,0,'高新区集中安置点','2#2-503、2#3-102','2017','久隆镇高明村周埠村十一队自然村屯','地方病严重、地质灾害频发，以及其他确需实施易地扶贫搬迁的地区。',1,'117.48','12500.00','2017-11-01','2017-11-01','自建独立房','77.80','已拆除',0,'2019-05-01','77.80','0.00','','种植甘蔗','3000.00','未脱贫','','否'),(28,'0','0','0','','','','0','',0,0,0,'',0,1,'','',NULL,NULL,0,0,'高新区集中安置点','3#516','2017','康熙岭镇高沙村','地方病严重、地质灾害频发，以及其他确需实施易地扶贫搬迁的地区。',1,'23.88','2500.00','2017-11-01','2017-11-01','无房户','0.00','',0,NULL,'0.00','0.00','未复垦复绿','种植优质稻','0.00','2018','','否'),(29,'0','0','0','','','','0','',0,0,0,'',0,1,'','',NULL,NULL,0,0,'高新区集中安置点','3#109、5#2-305','2017','康熙岭镇西围村长岗岭','地方病严重、地质灾害频发，以及其他确需实施易地扶贫搬迁的地区。',1,'117.41','12500.00','2017-11-01','2017-11-01','自建独立房','120.00','已拆除',0,'2019-04-01','120.00','0.00','','养鸡','0.00','2019','','否'),(30,'0','0','0','','','','0','',0,0,0,'',0,1,'','',NULL,NULL,0,0,'高新区集中安置点','3#305、1#3-205','2017','康熙岭镇长坡村那丘茅','地方病严重、地质灾害频发，以及其他确需实施易地扶贫搬迁的地区。',1,'117.07','12500.00','2017-11-01','2017-11-01','连体房','0.00','',0,NULL,'0.00','0.00','已复绿','养猪','5000.00','2018','','否'),(31,'0','0','0','','','','0','',0,0,0,'',0,1,'','',NULL,NULL,0,0,'高新区集中安置点','2#1-301','2017','康熙岭镇长坡村内长坡','地方病严重、地质灾害频发，以及其他确需实施易地扶贫搬迁的地区。',1,'92.64','10000.00','2017-11-01','2017-11-01','连体房','0.00','',0,NULL,'0.00','0.00','已复绿','养鸡','5000.00','2018','','否'),(32,'0','0','0','','','','0','',0,0,0,'',0,1,'','',NULL,NULL,0,0,'高新区集中安置点','5#3-203、5#2-602、4#2-305 1#3-601','2017','康熙岭镇长坡村螃蟹寮','地方病严重、地质灾害频发，以及其他确需实施易地扶贫搬迁的地区。',1,'283.91','30000.00','2017-12-01','2017-12-01','自建独立房','50.00','已拆除',0,'2018-05-01','50.00','0.00','已复绿','','5000.00','2019','','否'),(33,'0','0','0','','','','0','',0,0,0,'',0,1,'','',NULL,NULL,0,0,'高新区集中安置点','4#1-202','2017','康熙岭镇长坡村长坡二队','地方病严重、地质灾害频发，以及其他确需实施易地扶贫搬迁的地区。',1,'69.37','7500.00','2017-11-01','2017-11-01','自建独立房','33.00','已拆除',0,'2018-05-01','33.00','0.00','已复绿','养牛、养鸡','0.00','2018','','否'),(34,'0','0','0','','','','0','',0,0,0,'',0,1,'','',NULL,NULL,0,0,'高新区集中安置点','3#209、3#313、1#3-401','2017','康熙岭镇新营村元岭自然村屯','地方病严重、地质灾害频发，以及其他确需实施易地扶贫搬迁的地区。',1,'140.95','15000.00','2017-11-01','2017-11-01','自建独立房','24.00','已拆除',0,'2018-05-01','24.00','0.00','','优质稻','5000.00','2019','','否'),(35,'0','0','0','','','','0','',0,0,0,'',0,1,'','',NULL,NULL,0,0,'高新区集中安置点','2#2-605','2017','康熙岭镇新营村元岭自然村屯','地方病严重、地质灾害频发，以及其他确需实施易地扶贫搬迁的地区。',1,'92.64','10000.00','2017-11-01','2017-11-01','无房户','0.00','',0,NULL,'0.00','0.00','已复绿','优质稻','7000.00','2019','','否'),(36,'0','0','0','','','','0','',0,0,0,'',0,1,'','',NULL,NULL,0,0,'高新区集中安置点','5#2-403','2017','康熙岭镇新营村南池自然村','地方病严重、地质灾害频发，以及其他确需实施易地扶贫搬迁的地区。',1,'48.57','5000.00','2017-11-01','2017-11-01','无房户','0.00','',0,NULL,'0.00','0.00','','优质稻','900.00','2019','','否'),(37,'0','0','0','','','','0','',0,0,0,'',0,1,'','',NULL,NULL,0,0,'高新区集中安置点','1#1-205','2017','康熙岭镇新营村旧关冲自然村屯','地方病严重、地质灾害频发，以及其他确需实施易地扶贫搬迁的地区。',1,'93.19','10000.00','2017-11-01','2017-11-01','无房户','0.00','',0,NULL,'0.00','0.00','','','7000.00','2018','','否'),(38,'0','0','0','','','','0','',0,0,0,'',0,1,'','',NULL,NULL,0,0,'高新区集中安置点','3#315、1#2-205','2017','康熙岭镇高沙村松木山','地方病严重、地质灾害频发，以及其他确需实施易地扶贫搬迁的地区。',1,'117.07','12500.00','2017-11-01','2017-11-01','自建独立房','57.00','已拆除',0,'2018-09-01','57.00','0.00','已复绿','种植水稻、红豆、土豆','450.00','2018','','否'),(39,'0','0','0','','','','0','',0,0,0,'',0,1,'','',NULL,NULL,0,0,'高新区集中安置点','2#2-402','2017','康熙岭镇新平村新村二','地方病严重、地质灾害频发，以及其他确需实施易地扶贫搬迁的地区。',1,'48.11','5000.00','2017-11-01','2017-11-01','自建独立房','70.00','已拆除',0,'2018-06-01','70.00','0.00','已复绿','养猪','0.00','2019','','否'),(40,'0','0','0','','','','0','',0,0,0,'',0,1,'','',NULL,NULL,0,0,'高新区集中安置点','2#1-602','2017','康熙岭镇诗家村东头队','地方病严重、地质灾害频发，以及其他确需实施易地扶贫搬迁的地区。',1,'48.11','5000.00','2017-11-01','2017-11-01','无房户','0.00','',0,NULL,'0.00','0.00','已复绿','','7000.00','2019','','否'),(41,'0','0','0','','','','0','',0,0,0,'',0,1,'','',NULL,NULL,0,0,'高新区集中安置点','1#3-102','2017','康熙岭镇傍钦村金花里','地方病严重、地质灾害频发，以及其他确需实施易地扶贫搬迁的地区。',1,'69.37','7500.00','2017-11-01','2017-11-01','自建独立房','25.00','已拆除',0,'2018-06-01','25.00','0.00','','养猪','7000.00','2017','','否'),(42,'0','0','0','','','','0','',0,0,0,'',0,1,'','',NULL,NULL,0,0,'高新区集中安置点','1#1-603','2017','康熙岭镇西围村蒙村','地方病严重、地质灾害频发，以及其他确需实施易地扶贫搬迁的地区。',1,'69.37','7500.00','2017-11-01','2017-11-01','自建独立房','20.00','已拆除',0,'2018-02-01','20.00','0.00','','','5000.00','2018','','否'),(43,'0','0','0','','','','0','',0,0,0,'',0,1,'','',NULL,NULL,0,0,'高新区集中安置点','5#1-403','2017','丽光华侨农场凤凰管区生活区大洋坪村','地方病严重、地质灾害频发，以及其他确需实施易地扶贫搬迁的地区。',1,'48.11','5000.00','2017-11-01','2017-11-01','连体房','0.00','',0,NULL,'0.00','0.00','','','5000.00','2019','','否'),(44,'0','0','0','','','','0','',0,0,0,'',0,1,'','',NULL,NULL,0,0,'高新区集中安置点','5#3-303','2017','丽光华侨农场均田管区生活区割麻麓一队','地方病严重、地质灾害频发，以及其他确需实施易地扶贫搬迁的地区。',1,'48.96','5000.00','2017-11-01','2017-11-01','自建独立房','49.00','已拆除',0,'2018-07-01','49.00','0.00','已复绿','种植木薯、甘蔗','0.00','2017','','否'),(45,'0','0','0','','','','0','',0,0,0,'',0,1,'','',NULL,NULL,0,0,'高新区集中安置点','2#3-602','2017','丽光华侨农场凤凰管区生活区凤凰圩','地方病严重、地质灾害频发，以及其他确需实施易地扶贫搬迁的地区。',1,'69.37','7500.00','2017-11-01','2017-11-01','自建独立房','30.00','已拆除',0,'2018-07-01','30.00','0.00','已复绿','优质稻、木薯','5000.00','2017','','否'),(46,'0','0','0','','','','0','',0,0,0,'',0,1,'','',NULL,NULL,0,0,'高新区集中安置点','5#2-501','2017','丽光华侨农场凤凰管区生活区木头田村','地方病严重、地质灾害频发，以及其他确需实施易地扶贫搬迁的地区。',1,'68.58','7500.00','2017-11-01','2017-11-01','自建独立房','35.00','已拆除',0,'2018-07-01','35.00','0.00','','养猪','5000.00','2019','','否'),(47,'0','0','0','','','','0','',0,0,0,'',0,1,'','',NULL,NULL,0,0,'高新区集中安置点','1#3-403','2017','丽光华侨农场新屋管区生活区增埠麓三队','地方病严重、地质灾害频发，以及其他确需实施易地扶贫搬迁的地区。',1,'69.37','7500.00','2017-11-01','2017-11-01','自建独立房','25.00','已拆除',0,'2018-07-01','25.00','0.00','','种植优质稻','0.00','2018','','否'),(48,'0','0','0','','','','0','',0,0,0,'',0,1,'','',NULL,NULL,0,0,'高新区集中安置点','4#1-203','2017','丽光华侨农场新屋管区生活区九莱村','地方病严重、地质灾害频发，以及其他确需实施易地扶贫搬迁的地区。',1,'69.37','7500.00','2017-11-01','2017-11-01','自建独立房','22.00','已拆除',0,'2018-07-01','22.00','0.00','','种植优质稻、木薯','5000.00','2018','','否'),(49,'0','0','0','','','','0','',0,0,0,'',0,1,'','',NULL,NULL,0,0,'高新区集中安置点','1#1-303','2017','丽光华侨农场新屋管区生活区果子埠','地方病严重、地质灾害频发，以及其他确需实施易地扶贫搬迁的地区。',1,'69.37','7500.00','2017-11-01','2017-11-01','自建独立房','38.00','已拆除',0,'2018-07-01','38.00','0.00','','种植甘蔗','0.00','未脱贫','','否'),(50,'0','0','0','','','','0','',0,0,0,'',0,1,'','',NULL,NULL,0,0,'高新区集中安置点','1#3-405','2017','丽光华侨农场均田管区生活区割麻麓一队','地方病严重、地质灾害频发，以及其他确需实施易地扶贫搬迁的地区。',1,'93.19','10000.00','2017-11-01','2017-11-01','自建独立房','36.00','已拆除',0,'2018-07-01','36.00','0.00','已复绿','养猪','0.00','2018','','否'),(51,'0','0','0','','','','0','',0,0,0,'',0,1,'','',NULL,NULL,0,0,'高新区集中安置点','3#203、2#1-205','2017','丽光华侨农场凤凰管区生活区打铁埠村','地方病严重、地质灾害频发，以及其他确需实施易地扶贫搬迁的地区。',1,'116.52','12500.00','2017-11-01','2017-11-01','自建独立房','36.00','已拆除',0,'2018-07-01','36.00','0.00','已复绿','种植辣椒、优质稻','5000.00','2018','','否'),(52,'0','0','0','','','','0','',0,0,0,'',0,1,'','',NULL,NULL,0,0,'高新区集中安置点','3#102、2#3-601','2017','丽光华侨农场凤凰管区生活区碰塘麓村','地方病严重、地质灾害频发，以及其他确需实施易地扶贫搬迁的地区。',1,'117.07','12500.00','2017-11-01','2017-11-01','自建独立房','40.00','已拆除',0,'2018-07-01','40.00','0.00','已复绿','种植优质稻','4700.00','2018','','否'),(53,'0','0','0','','','','0','',0,0,0,'',0,1,'','',NULL,NULL,0,0,'高新区集中安置点','3#511、4#1-401','2017','丽光华侨农场凤凰管区生活区凤凰圩','地方病严重、地质灾害频发，以及其他确需实施易地扶贫搬迁的地区。',1,'117.07','12500.00','2017-12-01','2017-12-01','自建独立房','20.00','已拆除',0,'2018-07-01','20.00','0.00','已复绿','种植辣椒、甘蔗','5000.00','2018','','否'),(54,'0','0','0','','','','0','',0,0,0,'',0,1,'','',NULL,NULL,0,0,'高新区集中安置点','3#218、2#1-201','2017','丽光华侨农场均田管区生活区榕树江村','地方病严重、地质灾害频发，以及其他确需实施易地扶贫搬迁的地区。',1,'116.52','12500.00','2017-11-01','2017-11-01','连体房','0.00','',0,NULL,'0.00','0.00','已复绿','种植桉树','3000.00','2018','','否'),(55,'0','0','0','','','','0','',0,0,0,'',0,1,'','',NULL,NULL,0,0,'高新区集中安置点','3#206、2#3-401','2017','丽光华侨农场均田管区生活区独田江村','地方病严重、地质灾害频发，以及其他确需实施易地扶贫搬迁的地区。',1,'117.07','12500.00','2017-11-01','2017-11-01','无房户','0.00','',0,NULL,'0.00','0.00','已复绿','种植优质稻、木薯','5000.00','2018','','否'),(56,'0','0','0','','','','0','',0,0,0,'',0,1,'','',NULL,NULL,0,0,'高新区集中安置点','3#309、4#1-301','2017','丽光华侨农场均田管区生活区五冬坪村','地方病严重、地质灾害频发，以及其他确需实施易地扶贫搬迁的地区。',1,'117.07','12500.00','2017-12-01','2017-12-01','自建独立房','32.00','已拆除',0,'2018-07-01','32.00','0.00','已复绿','种植辣椒','5000.00','2018','','否'),(57,'0','0','0','','','','0','',0,0,0,'',0,1,'','',NULL,NULL,0,0,'高新区集中安置点','3#506、5#1-401','2017','丽光华侨农场凤凰管区生活区打铁埠村','地方病严重、地质灾害频发，以及其他确需实施易地扶贫搬迁的地区。',1,'116.52','12500.00','2017-11-01','2017-11-01','自建独立房','50.00','已拆除',0,'2018-07-01','50.00','0.00','已复绿','种植辣椒、优质稻','5000.00','2019','','否'),(58,'0','0','0','','','','0','',0,0,0,'',0,1,'','',NULL,NULL,0,0,'高新区集中安置点','3#301、2#2-405','2017','丽光华侨农场凤凰管区生活区那棍村八队','地方病严重、地质灾害频发，以及其他确需实施易地扶贫搬迁的地区。',1,'140.40','15000.00','2017-10-01','2017-10-01','自建独立房','35.00','已拆除',0,'2018-07-01','35.00','0.00','已复绿','种植桉树、木薯','7000.00','2018','','否'),(59,'0','0','0','','','','0','',0,0,0,'',0,1,'','',NULL,NULL,0,0,'高新区集中安置点','5#2-103、4#1-605','2017','丽光华侨农场均田管区生活区割麻麓一队','地方病严重、地质灾害频发，以及其他确需实施易地扶贫搬迁的地区。',1,'141.76','15000.00','2017-11-01','2017-11-01','自建独立房','16.00','已拆除',0,'2018-07-01','16.00','0.00','已复绿','养猪','5000.00','2018','','否'),(60,'0','0','0','','','','0','',0,0,0,'',0,1,'','',NULL,NULL,0,0,'高新区集中安置点','5#3-103、1#3-301','2017','丽光华侨农场均田管区生活区白坟面村','地方病严重、地质灾害频发，以及其他确需实施易地扶贫搬迁的地区。',1,'142.15','15000.00','2017-11-01','2017-11-01','自建独立房','44.00','已拆除',0,'2018-07-01','44.00','0.00','','种植辣椒、桉树','5000.00','2018','','否'),(61,'0','0','0','','','','0','',0,0,0,'',0,1,'','',NULL,NULL,0,0,'高新区集中安置点','3#505、5#3-505、1#1-103','2017','丽光华侨农场凤凰管区生活区沙埠村','地方病严重、地质灾害频发，以及其他确需实施易地扶贫搬迁的地区。',1,'162.38','17500.00','2017-11-01','2017-11-01','自建独立房','32.00','已拆除',0,'2018-07-01','32.00','0.00','','种植辣椒、木薯','5000.00','2018','','否'),(62,'0','0','0','','','','0','',0,0,0,'',0,1,'','',NULL,NULL,0,0,'高新区集中安置点','3#208、1#1-302、1#3-203','2017','丽光华侨农场凤凰管区生活区站江村','地方病严重、地质灾害频发，以及其他确需实施易地扶贫搬迁的地区。',1,'162.62','17500.00','2017-11-01','2017-11-01','自建独立房','30.00','已拆除',0,'2018-07-01','30.00','0.00','已复绿','种植木薯、辣椒、玉米','5000.00','2018','','否'),(63,'0','0','0','','','','0','',0,0,0,'',0,1,'','',NULL,NULL,0,0,'高新区集中安置点','2#1-303 5#1-502、2#3-403','2017','丽光华侨农场凤凰管区生活区大洋坪村','地方病严重、地质灾害频发，以及其他确需实施易地扶贫搬迁的地区。',1,'165.59','17500.00','2017-11-01','2017-11-01','无房户','0.00','',0,NULL,'0.00','0.00','已复绿','种植桉树、竹','5000.00','2018','','否'),(64,'0','0','0','','','','0','',0,0,0,'',0,1,'','',NULL,NULL,0,0,'高新区集中安置点','5#1-402、2#2-201','2017','丽光华侨农场凤凰管区生活区关塘村','地方病严重、地质灾害频发，以及其他确需实施易地扶贫搬迁的地区。',1,'140.75','15000.00','2017-11-01','2017-11-01','自建独立房','60.00','已拆除',0,'2018-07-01','60.00','0.00','已复绿','种植辣椒、木薯、桉树','5000.00','2017','','否'),(65,'0','0','0','','','','0','',0,0,0,'',0,1,'','',NULL,NULL,0,0,'高新区集中安置点','3#316、5#1-201','2017','丽光华侨农场新屋管区生活区九莱村','地方病严重、地质灾害频发，以及其他确需实施易地扶贫搬迁的地区。',1,'116.52','12500.00','2017-11-01','2017-11-01','自建独立房','30.00','已拆除',0,'2018-07-01','30.00','0.00','已复绿','种植辣椒、玉米、花生','4500.00','2018','','否'),(66,'0','0','0','','','','0','',0,0,0,'',0,1,'','',NULL,NULL,0,0,'高新区集中安置点','3#411','2017','那丽镇崩塘村移民村','地方病严重、地质灾害频发，以及其他确需实施易地扶贫搬迁的地区。',1,'23.88','2500.00','2017-11-01','2017-11-01','无房户','0.00','',0,NULL,'0.00','0.00','已复绿','','5000.00','2018','是','否'),(67,'0','0','0','','','','0','',0,0,0,'',0,1,'','',NULL,NULL,0,0,'高新区集中安置点','3#409','2017','那丽镇崩塘村移民村','地方病严重、地质灾害频发，以及其他确需实施易地扶贫搬迁的地区。',1,'23.88','2500.00','2017-11-01','2017-11-01','无房户','0.00','',0,NULL,'0.00','0.00','已复绿','','5000.00','2019','','否'),(68,'0','0','0','','','','0','',0,0,0,'',0,1,'','',NULL,NULL,0,0,'高新区集中安置点','3#215','2017','那丽镇崩塘村移民村','地方病严重、地质灾害频发，以及其他确需实施易地扶贫搬迁的地区。',1,'23.88','2500.00','2017-11-01','2017-11-01','无房户','0.00','',0,NULL,'0.00','0.00','已复绿','','7000.00','2019','','否'),(69,'0','0','0','','','','0','',0,0,0,'',0,1,'','',NULL,NULL,0,0,'高新区集中安置点','3#216','2017','那丽镇崩塘村移民村','地方病严重、地质灾害频发，以及其他确需实施易地扶贫搬迁的地区。',1,'23.88','2500.00','2017-11-01','2017-11-01','无房户','0.00','',0,NULL,'0.00','0.00','','','7000.00','2019','','否'),(70,'0','0','0','','','','0','',0,0,0,'',0,1,'','',NULL,NULL,0,0,'高新区集中安置点','3#406','2017','那丽镇崩塘村移民村','地方病严重、地质灾害频发，以及其他确需实施易地扶贫搬迁的地区。',1,'23.88','2500.00','2017-11-01','2017-11-01','无房户','0.00','',0,NULL,'0.00','0.00','已复绿','','7000.00','2018','','否'),(71,'0','0','0','','','','0','',0,0,0,'',0,1,'','',NULL,NULL,0,0,'高新区集中安置点','3#608、2#1-105','2017','那丽镇崩塘村移民村','地方病严重、地质灾害频发，以及其他确需实施易地扶贫搬迁的地区。',1,'116.52','12500.00','2017-11-01','2017-11-01','无房户','0.00','',0,NULL,'0.00','0.00','已复绿','','5000.00','2018','是','否'),(72,'0','0','0','','','','0','',0,0,0,'',0,1,'','',NULL,NULL,0,0,'高新区集中安置点','3#205、4#2-201','2017','那丽镇崩塘村移民村','地方病严重、地质灾害频发，以及其他确需实施易地扶贫搬迁的地区。',1,'117.07','12500.00','2017-11-01','2017-11-01','无房户','0.00','',0,NULL,'0.00','0.00','','养猪','5000.00','2019','是','否'),(73,'0','0','0','','','','0','',0,0,0,'',0,1,'','',NULL,NULL,0,0,'高新区集中安置点','3#110','2017','那丽镇崩塘村移民村','地方病严重、地质灾害频发，以及其他确需实施易地扶贫搬迁的地区。',1,'23.88','2500.00','2017-11-01','2017-11-01','无房户','0.00','',0,NULL,'0.00','0.00','','','0.00','2019','是','否'),(74,'0','0','0','','','','0','',0,0,0,'',0,1,'','',NULL,NULL,0,0,'高新区集中安置点','3#106','2017','那丽镇崩塘村移民村','地方病严重、地质灾害频发，以及其他确需实施易地扶贫搬迁的地区。',1,'23.88','2500.00','2017-11-01','2017-11-01','无房户','0.00','',0,NULL,'0.00','0.00','','','0.00','2018','是','否'),(75,'0','0','0','','','','0','',0,0,0,'',0,1,'','',NULL,NULL,0,0,'高新区集中安置点','3#509','2017','那丽镇崩塘村移民村','地方病严重、地质灾害频发，以及其他确需实施易地扶贫搬迁的地区。',1,'23.88','2500.00','2017-11-01','2017-11-01','无房户','0.00','',0,NULL,'0.00','0.00','','种植桉树','0.00','2018','是','否'),(76,'0','0','0','','','','0','',0,0,0,'',0,1,'','',NULL,NULL,0,0,'高新区集中安置点','3#518','2017','那丽镇崩塘村移民村','地方病严重、地质灾害频发，以及其他确需实施易地扶贫搬迁的地区。',1,'23.88','2500.00','2017-11-01','2017-11-01','无房户','0.00','',0,NULL,'0.00','0.00','','','0.00','2018','是','否'),(77,'0','0','0','','','','0','',0,0,0,'',0,1,'','',NULL,NULL,0,0,'高新区集中安置点','3#402','2017','那丽镇崩塘村移民村','地方病严重、地质灾害频发，以及其他确需实施易地扶贫搬迁的地区。',1,'23.88','2500.00','2017-11-01','2017-11-01','无房户','0.00','',0,NULL,'0.00','0.00','','','0.00','2018','是','否'),(78,'0','0','0','','','','0','',0,0,0,'',0,1,'','',NULL,NULL,0,0,'高新区集中安置点','3#507','2017','那丽镇崩塘村移民村','地方病严重、地质灾害频发，以及其他确需实施易地扶贫搬迁的地区。',1,'23.88','2500.00','2017-11-01','2017-11-01','无房户','0.00','',0,NULL,'0.00','0.00','','','0.00','2018','是','否'),(79,'0','0','0','','','','0','',0,0,0,'',0,1,'','',NULL,NULL,0,0,'高新区集中安置点','3#108','2017','那丽镇崩塘村移民村','地方病严重、地质灾害频发，以及其他确需实施易地扶贫搬迁的地区。',1,'23.88','2500.00','2017-11-01','2017-11-01','无房户','0.00','',0,NULL,'0.00','0.00','','','5000.00','2019','是','否'),(80,'0','0','0','','','','0','',0,0,0,'',0,1,'','',NULL,NULL,0,0,'高新区集中安置点','3#416、1#3-505','2017','那丽镇崩塘村杨梅塘村','地方病严重、地质灾害频发，以及其他确需实施易地扶贫搬迁的地区。',1,'117.07','12500.00','2017-11-01','2017-11-01','无房户','0.00','',0,NULL,'0.00','0.00','','养猪','0.00','2019','','否'),(81,'0','0','0','','','','0','',0,0,0,'',0,1,'','',NULL,NULL,0,0,'高新区集中安置点','3#407、4#3-401','2017','那丽镇崩塘村崩塘村','地方病严重、地质灾害频发，以及其他确需实施易地扶贫搬迁的地区。',1,'117.07','12500.00','2017-11-01','2017-11-01','自建独立房','60.00','已拆除',0,'2019-06-01','60.00','0.00','','种植桉树','0.00','2018','','否'),(82,'0','0','0','','','','0','',0,0,0,'',0,1,'','',NULL,NULL,0,0,'高新区集中安置点','3#113','2017','那丽镇崩塘村崩塘村','地方病严重、地质灾害频发，以及其他确需实施易地扶贫搬迁的地区。',1,'23.88','2500.00','2017-11-01','2017-11-01','无房户','0.00','',0,NULL,'0.00','0.00','','','2250.00','2018','','否'),(83,'0','0','0','','','','0','',0,0,0,'',0,1,'','',NULL,NULL,0,0,'高新区集中安置点','3#420','2017','那丽镇崩塘村百牛地村','地方病严重、地质灾害频发，以及其他确需实施易地扶贫搬迁的地区。',1,'23.88','2500.00','2017-11-01','2017-11-01','无房户','0.00','',0,NULL,'0.00','0.00','','种植桉树','0.00','2018','','否'),(84,'0','0','0','','','','0','',0,0,0,'',0,1,'','',NULL,NULL,0,0,'高新区集中安置点','2#1-103','2017','那丽镇崩塘村移民村','地方病严重、地质灾害频发，以及其他确需实施易地扶贫搬迁的地区。',1,'48.11','5000.00','2017-11-01','2017-11-01','无房户','0.00','',0,NULL,'0.00','0.00','','','0.00','2018','是','否'),(85,'0','0','0','','','','0','',0,0,0,'',0,1,'','',NULL,NULL,0,0,'高新区集中安置点','2#2-303、1#3-603','2017','那丽镇崩塘村移民村','地方病严重、地质灾害频发，以及其他确需实施易地扶贫搬迁的地区。',1,'117.48','12500.00','2017-11-01','2017-11-01','无房户','0.00','',0,NULL,'0.00','0.00','','','0.00','未脱贫','是','否'),(86,'0','0','0','','','','0','',0,0,0,'',0,1,'','',NULL,NULL,0,0,'高新区集中安置点','5#3-602、4#2-402','2017','那丽镇崩塘村移民村','地方病严重、地质灾害频发，以及其他确需实施易地扶贫搬迁的地区。',1,'118.33','12500.00','2017-11-01','2017-11-01','无房户','0.00','',0,NULL,'0.00','0.00','','','0.00','2018','是','否'),(87,'0','0','0','','','','0','',0,0,0,'',0,1,'','',NULL,NULL,0,0,'高新区集中安置点','3#220','2017','那丽镇崩塘村移民村','地方病严重、地质灾害频发，以及其他确需实施易地扶贫搬迁的地区。',1,'47.76','5000.00','2017-11-01','2017-11-01','无房户','0.00','',0,NULL,'0.00','0.00','已复绿','','5000.00','2019','','否'),(88,'0','0','0','','','','0','',0,0,0,'',0,1,'','',NULL,NULL,0,0,'高新区集中安置点','4#1-603、1#3-302','2017','那丽镇崩塘村移民村','地方病严重、地质灾害频发，以及其他确需实施易地扶贫搬迁的地区。',1,'117.48','12500.00','2017-11-01','2017-11-01','无房户','0.00','',0,NULL,'0.00','0.00','','','7000.00','2019','是','否'),(89,'0','0','0','','','','0','',0,0,0,'',0,1,'','',NULL,NULL,0,0,'高新区集中安置点','5#3-302、4#3-105','2017','那丽镇崩塘村移民村','地方病严重、地质灾害频发，以及其他确需实施易地扶贫搬迁的地区。',1,'142.15','15000.00','2017-12-01','2017-12-01','无房户','0.00','',0,NULL,'0.00','0.00','','种植桉树','0.00','2019','是','否'),(90,'0','0','0','','','','0','',0,0,0,'',0,1,'','',NULL,NULL,0,0,'高新区集中安置点','5#3-403、2#3-101','2017','那丽镇崩塘村移民村','地方病严重、地质灾害频发，以及其他确需实施易地扶贫搬迁的地区。',1,'142.15','15000.00','2017-11-01','2017-11-01','无房户','0.00','',0,NULL,'0.00','0.00','','','7000.00','2019','是','否'),(91,'0','0','0','','','','0','',0,0,0,'',0,1,'','',NULL,NULL,0,0,'高新区集中安置点','5#3-603','2017','那丽镇崩塘村移民村','地方病严重、地质灾害频发，以及其他确需实施易地扶贫搬迁的地区。',1,'48.96','5000.00','2017-11-01','2017-11-01','无房户','0.00','',0,NULL,'0.00','0.00','','','0.00','2019','','否'),(92,'0','0','0','','','','0','',0,0,0,'',0,1,'','',NULL,NULL,0,0,'高新区集中安置点','2#1-402、4#3-101','2017','那丽镇崩塘村箔竹山村','地方病严重、地质灾害频发，以及其他确需实施易地扶贫搬迁的地区。',1,'141.30','15000.00','2017-12-01','2017-12-01','无房户','0.00','',0,NULL,'0.00','0.00','','种植辣椒','0.00','2018','','否'),(93,'0','0','0','','','','0','',0,0,0,'',0,1,'','',NULL,NULL,0,0,'高新区集中安置点','3#601、4#2-503','2017','那丽镇崩塘村杭木村','地方病严重、地质灾害频发，以及其他确需实施易地扶贫搬迁的地区。',1,'117.13','12500.00','2017-11-01','2017-11-01','自建独立房','30.00','已拆除',0,'2018-10-01','30.00','0.00','','种植桉树','0.00','未脱贫','','否'),(94,'0','0','0','','','','0','',0,0,0,'',0,1,'','',NULL,NULL,0,0,'高新区集中安置点','2#1-202','2017','那丽镇崩塘村移民村','地方病严重、地质灾害频发，以及其他确需实施易地扶贫搬迁的地区。',1,'69.37','7500.00','2017-12-01','2017-12-01','无房户','0.00','',0,NULL,'0.00','0.00','','','0.00','2018','','否'),(95,'0','0','0','','','','0','',0,0,0,'',0,1,'','',NULL,NULL,0,0,'高新区集中安置点','1#3-503','2017','那丽镇崩塘村鸡儿坪村','地方病严重、地质灾害频发，以及其他确需实施易地扶贫搬迁的地区。',1,'69.37','7500.00','2017-11-01','2017-11-01','无房户','0.00','',0,NULL,'0.00','0.00','','种植桉树','0.00','2018','','否'),(96,'0','0','0','','','','0','',0,0,0,'',0,1,'','',NULL,NULL,0,0,'高新区集中安置点','1#2-602','2017','那丽镇崩塘村箔竹山村','地方病严重、地质灾害频发，以及其他确需实施易地扶贫搬迁的地区。',1,'69.37','7500.00','2017-11-01','2017-11-01','自建独立房','30.00','已拆除',0,'2019-06-01','30.00','0.00','','种植木薯、优质稻','5000.00','2019','','否'),(97,'0','0','0','','','','0','',0,0,0,'',0,1,'','',NULL,NULL,0,0,'高新区集中安置点','1#1-503、4#2-605','2017','那丽镇崩塘村湴沟村','地方病严重、地质灾害频发，以及其他确需实施易地扶贫搬迁的地区。',1,'162.56','17500.00','2017-12-01','2017-12-01','自建独立房','30.00','已拆除',0,'2019-06-01','30.00','0.00','','种植桉树','0.00','2019','','否'),(98,'0','0','0','','','','0','',0,0,0,'',0,1,'','',NULL,NULL,0,0,'高新区集中安置点','2#3-503','2017','那丽镇崩塘村石埠村','地方病严重、地质灾害频发，以及其他确需实施易地扶贫搬迁的地区。',1,'69.37','7500.00','2017-11-01','2017-11-01','无房户','0.00','',0,NULL,'0.00','0.00','','种植桉树、木薯、优质稻','0.00','2018','','否'),(99,'0','0','0','','','','0','',0,0,0,'',0,1,'','',NULL,NULL,0,0,'高新区集中安置点','1#2-103','2017','那丽镇崩塘村箔竹山村','地方病严重、地质灾害频发，以及其他确需实施易地扶贫搬迁的地区。',1,'69.37','7500.00','2017-11-01','2017-11-01','连体房','0.00','',0,NULL,'0.00','0.00','已复绿','种植桉树、优质稻','1800.00','2018','','否'),(100,'0','0','0','','','','0','',0,0,0,'',0,1,'','',NULL,NULL,0,0,'高新区集中安置点','1#2-105','2017','那丽镇崩塘村移民村','地方病严重、地质灾害频发，以及其他确需实施易地扶贫搬迁的地区。',1,'93.19','10000.00','2017-11-01','2017-11-01','无房户','0.00','',0,NULL,'0.00','0.00','','','5000.00','2019','是','否'),(101,'0','0','0','','','','0','',0,0,0,'',0,1,'','',NULL,NULL,0,0,'高新区集中安置点','2#2-401','2017','那丽镇崩塘村移民村','地方病严重、地质灾害频发，以及其他确需实施易地扶贫搬迁的地区。',1,'92.64','10000.00','2017-11-01','2017-11-01','无房户','0.00','',0,NULL,'0.00','0.00','','','0.00','2018','是','否'),(102,'0','0','0','','','','0','',0,0,0,'',0,1,'','',NULL,NULL,0,0,'高新区集中安置点','5#2-405','2017','那丽镇崩塘村移民村','地方病严重、地质灾害频发，以及其他确需实施易地扶贫搬迁的地区。',1,'93.53','10000.00','2017-11-01','2017-11-01','无房户','0.00','',0,NULL,'0.00','0.00','已复绿','','5000.00','2018','是','否'),(103,'0','0','0','','','','0','',0,0,0,'',0,1,'','',NULL,NULL,0,0,'高新区集中安置点','2#2-103、5#1-203、2#3-505','2017','那丽镇崩塘村移民村','地方病严重、地质灾害频发，以及其他确需实施易地扶贫搬迁的地区。',1,'189.41','20000.00','2017-11-01','2017-11-01','无房户','0.00','',0,NULL,'0.00','0.00','已复绿','种植桉树','5000.00','2018','是','否'),(104,'0','0','0','','','','0','',0,0,0,'',0,1,'','',NULL,NULL,0,0,'高新区集中安置点','5#1-501','2017','那丽镇崩塘村移民村','地方病严重、地质灾害频发，以及其他确需实施易地扶贫搬迁的地区。',1,'92.64','10000.00','2017-11-01','2017-11-01','无房户','0.00','',0,NULL,'0.00','0.00','','种植桉树','5000.00','2019','是','否'),(105,'0','0','0','','','','0','',0,0,0,'',0,1,'','',NULL,NULL,0,0,'高新区集中安置点','5#1-105','2017','那丽镇崩塘村移民村','地方病严重、地质灾害频发，以及其他确需实施易地扶贫搬迁的地区。',1,'92.64','10000.00','2017-11-01','2017-11-01','无房户','0.00','',0,NULL,'0.00','0.00','','','7000.00','2019','是','否'),(106,'0','0','0','','','','0','',0,0,0,'',0,1,'','',NULL,NULL,0,0,'高新区集中安置点','1#2-601','2017','那丽镇崩塘村移民村','地方病严重、地质灾害频发，以及其他确需实施易地扶贫搬迁的地区。',1,'93.19','10000.00','2017-11-01','2017-11-01','无房户','0.00','',0,NULL,'0.00','0.00','','','7000.00','2019','是','否'),(107,'0','0','0','','','','0','',0,0,0,'',0,1,'','',NULL,NULL,0,0,'高新区集中安置点','1#1-401','2017','那丽镇崩塘村移民村','地方病严重、地质灾害频发，以及其他确需实施易地扶贫搬迁的地区。',1,'93.19','10000.00','2017-11-01','2017-11-01','无房户','0.00','',0,NULL,'0.00','0.00','','','0.00','2019','是','否'),(108,'0','0','0','','','','0','',0,0,0,'',0,1,'','',NULL,NULL,0,0,'高新区集中安置点','1#1-505','2017','那丽镇崩塘村移民村','地方病严重、地质灾害频发，以及其他确需实施易地扶贫搬迁的地区。',1,'93.19','10000.00','2017-11-01','2017-11-01','无房户','0.00','',0,NULL,'0.00','0.00','','养猪','0.00','2018','是','否'),(109,'0','0','0','','','','0','',0,0,0,'',0,1,'','',NULL,NULL,0,0,'高新区集中安置点','1#2-405','2017','那丽镇崩塘村移民村','地方病严重、地质灾害频发，以及其他确需实施易地扶贫搬迁的地区。',1,'93.19','10000.00','2017-11-01','2017-11-01','无房户','0.00','',0,NULL,'0.00','0.00','','种植桉树','0.00','2018','','否'),(110,'0','0','0','','','','0','',0,0,0,'',0,1,'','',NULL,NULL,0,0,'高新区集中安置点','5#1-301','2017','那丽镇崩塘村红坭陂村','地方病严重、地质灾害频发，以及其他确需实施易地扶贫搬迁的地区。',1,'92.64','10000.00','2017-11-01','2017-11-01','无房户','0.00','',0,NULL,'0.00','0.00','','种植桉树','5000.00','2018','','否'),(111,'0','0','0','','','','0','',0,0,0,'',0,1,'','',NULL,NULL,0,0,'高新区集中安置点','2#3-405','2017','那丽镇崩塘村杭木村','地方病严重、地质灾害频发，以及其他确需实施易地扶贫搬迁的地区。',1,'93.19','10000.00','2017-11-01','2017-11-01','连体房','0.00','',0,NULL,'0.00','0.00','','种植甘蔗','4950.00','2019','','否'),(112,'0','0','0','','','','0','',0,0,0,'',0,1,'','',NULL,NULL,0,0,'高新区集中安置点','3#103、1#2-201','2017','那彭镇六湖村17队大湾村','地方病严重、地质灾害频发，以及其他确需实施易地扶贫搬迁的地区。',1,'117.07','12500.00','2017-11-01','2017-11-01','自建独立房','24.00','已拆除',0,'2019-06-01','24.00','0.00','','','0.00','2018','','否'),(113,'0','0','0','','','','0','',0,0,0,'',0,1,'','',NULL,NULL,0,0,'高新区集中安置点','3#107','2017','那彭镇英学村长坪13组','地方病严重、地质灾害频发，以及其他确需实施易地扶贫搬迁的地区。',1,'23.88','2500.00','2017-11-01','2017-11-01','无房户','0.00','',0,NULL,'0.00','0.00','','','0.00','2018','','否'),(114,'0','0','0','','','','0','',0,0,0,'',0,1,'','',NULL,NULL,0,0,'高新区集中安置点','3#210、4#2-102','2017','那彭镇那蒟村担寮山1队','地方病严重、地质灾害频发，以及其他确需实施易地扶贫搬迁的地区。',1,'93.25','10000.00','2017-12-01','2017-12-01','自建独立房','38.00','已拆除',0,'2018-06-01','38.00','0.00','','种植桉树','0.00','2018','','否'),(115,'0','0','0','','','','0','',0,0,0,'',0,1,'','',NULL,NULL,0,0,'高新区集中安置点','3#211、1#1-305','2017','那彭镇白沙村青龙江12队自然村屯','地方病严重、地质灾害频发，以及其他确需实施易地扶贫搬迁的地区。',1,'117.07','12500.00','2017-11-01','2017-11-01','自建独立房','40.00','已拆除',0,'2018-10-01','40.00','0.00','','种植桉树','5000.00','2019','','否'),(116,'0','0','0','','','','0','',0,0,0,'',0,1,'','',NULL,NULL,0,0,'高新区集中安置点','3#217','2017','那彭镇白沙村青龙江12队自然村屯','地方病严重、地质灾害频发，以及其他确需实施易地扶贫搬迁的地区。',1,'23.88','2500.00','2017-11-01','2017-11-01','无房户','0.00','',0,NULL,'0.00','0.00','','','6300.00','2019','','否'),(117,'0','0','0','','','','0','',0,0,0,'',0,1,'','',NULL,NULL,0,0,'高新区集中安置点','3#306、5#1-205','2017','那彭镇彭新村那曹坪','地方病严重、地质灾害频发，以及其他确需实施易地扶贫搬迁的地区。',1,'116.52','12500.00','2017-11-01','2017-11-01','连体房','0.00','',0,NULL,'0.00','0.00','','种植辣椒、优质稻','7000.00','2018','','否'),(118,'0','0','0','','','','0','',0,0,0,'',0,1,'','',NULL,NULL,0,0,'高新区集中安置点','3#308','2017','那彭镇白沙村范屋坪3队自然村屯','地方病严重、地质灾害频发，以及其他确需实施易地扶贫搬迁的地区。',1,'23.88','2500.00','2017-11-01','2017-11-01','连体房','12.00','已拆除',0,'2019-03-01','12.00','0.00','已复绿','种植优质稻','5000.00','2018','','否'),(119,'0','0','0','','','','0','',0,0,0,'',0,1,'','',NULL,NULL,0,0,'高新区集中安置点','3#312、4#2-205','2017','那彭镇那蒟村黄瓜坪14队','地方病严重、地质灾害频发，以及其他确需实施易地扶贫搬迁的地区。',1,'117.07','12500.00','2017-11-01','2017-11-01','自建独立房','60.00','已拆除',0,'2018-06-01','60.00','0.00','','养猪','0.00','未脱贫','','否'),(120,'0','0','0','','','','0','',0,0,0,'',0,1,'','',NULL,NULL,0,0,'高新区集中安置点','3#318、1#2-605','2017','那彭镇那蒟村担寮山1队','地方病严重、地质灾害频发，以及其他确需实施易地扶贫搬迁的地区。',1,'117.07','12500.00','2017-11-01','2017-11-01','自建独立房','60.00','已拆除',0,'2018-06-01','60.00','0.00','已复绿','种植黄瓜','0.00','2019','','否'),(121,'0','0','0','','','','0','',0,0,0,'',0,1,'','',NULL,NULL,0,0,'高新区集中安置点','3#410、2#3-105','2017','那彭镇白沙村范屋坪14队自然村屯','地方病严重、地质灾害频发，以及其他确需实施易地扶贫搬迁的地区。',1,'117.07','12500.00','2017-11-01','2017-11-01','连体房','40.00','已拆除',0,'2018-09-01','40.00','0.00','已复绿','种植优质稻','3150.00','2018','','否'),(122,'0','0','0','','','','0','',0,0,0,'',0,1,'','',NULL,NULL,0,0,'高新区集中安置点','3#415、2#3-201','2017','那彭镇那勉村水鸭坪12队','地方病严重、地质灾害频发，以及其他确需实施易地扶贫搬迁的地区。',1,'117.07','12500.00','2017-11-01','2017-11-01','自建独立房','60.00','已拆除',0,'2019-05-01','60.00','0.00','','','5000.00','2018','','否'),(123,'0','0','0','','','','0','',0,0,0,'',0,1,'','',NULL,NULL,0,0,'高新区集中安置点','3#417、2#3-603、4#3-402','2017','那彭镇那蒟村那蒟7队','地方病严重、地质灾害频发，以及其他确需实施易地扶贫搬迁的地区。',1,'162.62','17500.00','2017-12-01','2017-12-01','自建独立房','50.00','已拆除',0,'2018-06-01','50.00','0.00','','','0.00','2018','','否'),(124,'0','0','0','','','','0','',0,0,0,'',0,1,'','',NULL,NULL,0,0,'高新区集中安置点','3#418、4#1-305','2017','那彭镇白沙村白沙大村7队自然村屯','地方病严重、地质灾害频发，以及其他确需实施易地扶贫搬迁的地区。',1,'117.07','12500.00','2017-11-01','2017-11-01','无房户','0.00','',0,NULL,'0.00','0.00','已复绿','','5000.00','2019','','否'),(125,'0','0','0','','','','0','',0,0,0,'',0,1,'','',NULL,NULL,0,0,'高新区集中安置点','3#502、4#2-101','2017','那彭镇白沙村青龙江12队自然村屯','地方病严重、地质灾害频发，以及其他确需实施易地扶贫搬迁的地区。',1,'117.07','12500.00','2017-11-01','2017-11-01','自建独立房','40.00','已拆除',0,'2019-05-01','40.00','0.00','已复绿','养猪、鸡，种植优质稻','5000.00','2019','','否'),(126,'0','0','0','','','','0','',0,0,0,'',0,1,'','',NULL,NULL,0,0,'高新区集中安置点','3#503、4#3-603、5#3-205','2017','那彭镇凤凰岗村白坟面9队','地方病严重、地质灾害频发，以及其他确需实施易地扶贫搬迁的地区。',1,'162.38','17500.00','2017-12-01','2017-12-01','连体房','0.00','',0,NULL,'0.00','0.00','已复绿','养鸡','7000.00','2018','','否'),(127,'0','0','0','','','','0','',0,0,0,'',0,1,'','',NULL,NULL,0,0,'高新区集中安置点','2#1-502','2017','那彭镇六湖村大江埠11队','地方病严重、地质灾害频发，以及其他确需实施易地扶贫搬迁的地区。',1,'48.11','5000.00','2017-11-01','2017-11-01','自建独立房','60.00','已拆除',0,'2018-10-01','60.00','0.00','已复绿','种植优质稻、百香果','1600.00','2017','','否'),(128,'0','0','0','','','','0','',0,0,0,'',0,1,'','',NULL,NULL,0,0,'高新区集中安置点','2#2-202','2017','那彭镇清湖村黄桐江自然村屯','地方病严重、地质灾害频发，以及其他确需实施易地扶贫搬迁的地区。',1,'48.11','5000.00','2017-11-01','2017-11-01','自建独立房','70.00','已拆除',0,'2018-06-01','70.00','0.00','已复绿','','2000.00','2017','','否'),(129,'0','0','0','','','','0','',0,0,0,'',0,1,'','',NULL,NULL,0,0,'高新区集中安置点','2#2-302','2017','那彭镇彭新村大路坪','地方病严重、地质灾害频发，以及其他确需实施易地扶贫搬迁的地区。',1,'48.11','5000.00','2017-11-01','2017-11-01','自建独立房','40.00','已拆除',0,'2019-06-01','40.00','0.00','已复绿','','0.00','2019','','否'),(130,'0','0','0','','','','0','',0,0,0,'',0,1,'','',NULL,NULL,0,0,'高新区集中安置点','3#116、2#2-501','2017','那彭镇那蒟村长岭嘴12队','地方病严重、地质灾害频发，以及其他确需实施易地扶贫搬迁的地区。',1,'140.40','15000.00','2017-11-01','2017-11-01','自建独立房','50.00','已拆除',0,'2018-06-01','50.00','0.00','','种植辣椒、优质稻','0.00','2018','','否'),(131,'0','0','0','','','','0','',0,0,0,'',0,1,'','',NULL,NULL,0,0,'高新区集中安置点','3#201','2017','那彭镇凤凰岗村凤凰岗村1队','地方病严重、地质灾害频发，以及其他确需实施易地扶贫搬迁的地区。',1,'47.76','5000.00','2017-11-01','2017-11-01','自建独立房','56.60','已拆除',0,'2019-06-01','56.60','0.00','已复绿','','0.00','2018','','否'),(132,'0','0','0','','','','0','',0,0,0,'',0,1,'','',NULL,NULL,0,0,'高新区集中安置点','3#202','2017','那彭镇白沙村水口垌8队自然村屯','地方病严重、地质灾害频发，以及其他确需实施易地扶贫搬迁的地区。',1,'47.76','5000.00','2017-11-01','2017-11-01','连体房','15.00','已拆除',0,'2019-04-01','15.00','0.00','','种植优质稻','5000.00','2018','','否'),(133,'0','0','0','','','','0','',0,0,0,'',0,1,'','',NULL,NULL,0,0,'高新区集中安置点','3#401','2017','那彭镇英学村双排12组','地方病严重、地质灾害频发，以及其他确需实施易地扶贫搬迁的地区。',1,'47.76','5000.00','2017-11-01','2017-11-01','自建独立房','21.00','已拆除',0,'2019-06-01','21.00','0.00','已复绿','种植桉树','5000.00','2018','','否'),(134,'0','0','0','','','','0','',0,0,0,'',0,1,'','',NULL,NULL,0,0,'高新区集中安置点','3#421','2017','那彭镇担坳村沙崎','地方病严重、地质灾害频发，以及其他确需实施易地扶贫搬迁的地区。',1,'47.76','5000.00','2017-11-01','2017-11-01','自建独立房','40.00','已拆除',0,'2018-07-01','40.00','0.00','已复绿','养鸡','3900.00','2017','','否'),(135,'0','0','0','','','','0','',0,0,0,'',0,1,'','',NULL,NULL,0,0,'高新区集中安置点','3#610','2017','那彭镇那勉村上那婆垌7队','地方病严重、地质灾害频发，以及其他确需实施易地扶贫搬迁的地区。',1,'47.76','5000.00','2017-10-01','2017-10-01','自建独立房','30.00','已拆除',0,'2018-12-01','30.00','0.00','已复绿','','0.00','2017','','否'),(136,'0','0','0','','','','0','',0,0,0,'',0,1,'','',NULL,NULL,0,0,'高新区集中安置点','5#1-103、2#1-505','2017','那彭镇凤凰岗村高岭脚14队','地方病严重、地质灾害频发，以及其他确需实施易地扶贫搬迁的地区。',1,'140.75','15000.00','2017-11-01','2017-11-01','无房户','0.00','',0,NULL,'0.00','0.00','已复绿','种植百香果、辣椒','0.00','2018','','否'),(137,'0','0','0','','','','0','',0,0,0,'',0,1,'','',NULL,NULL,0,0,'高新区集中安置点','5#1-302','2017','那彭镇白沙村桥头坪11队自然村屯','地方病严重、地质灾害频发，以及其他确需实施易地扶贫搬迁的地区。',1,'48.11','5000.00','2017-11-01','2017-11-01','自建独立房','12.00','已拆除',0,'2018-12-01','12.00','0.00','已复绿','种植优质稻','5000.00','2017','','否'),(138,'0','0','0','','','','0','',0,0,0,'',0,1,'','',NULL,NULL,0,0,'高新区集中安置点','5#2-102','2017','那彭镇屋背村清香江6队','地方病严重、地质灾害频发，以及其他确需实施易地扶贫搬迁的地区。',1,'48.57','5000.00','2017-11-01','2017-11-01','自建独立房','45.00','已拆除',0,'2019-06-01','45.00','0.00','已复绿','','0.00','2017','是','否'),(139,'0','0','0','','','','0','',0,0,0,'',0,1,'','',NULL,NULL,0,0,'高新区集中安置点','5#2-603','2017','那彭镇那蒟村石埠圩13队','地方病严重、地质灾害频发，以及其他确需实施易地扶贫搬迁的地区。',1,'48.57','5000.00','2017-11-01','2017-11-01','自建独立房','14.00','已拆除',0,'2018-06-01','14.00','0.00','已复绿','','2000.00','2018','','否'),(140,'0','0','0','','','','0','',0,0,0,'',0,1,'','',NULL,NULL,0,0,'高新区集中安置点','5#3-502','2017','那彭镇屋背村老鸭碑2队','地方病严重、地质灾害频发，以及其他确需实施易地扶贫搬迁的地区。',1,'48.96','5000.00','2017-11-01','2017-11-01','自建独立房','48.00','已拆除',0,'2019-06-01','48.00','0.00','已复绿','养鸡','5000.00','2019','','否'),(141,'0','0','0','','','','0','',0,0,0,'',0,1,'','',NULL,NULL,0,0,'高新区集中安置点','1#1-502','2017','那彭镇英学村黄屋1组','地方病严重、地质灾害频发，以及其他确需实施易地扶贫搬迁的地区。',1,'69.37','7500.00','2017-11-01','2017-11-01','连体房','0.00','',0,NULL,'0.00','0.00','已复绿','','7000.00','2017','','否'),(142,'0','0','0','','','','0','',0,0,0,'',0,1,'','',NULL,NULL,0,0,'高新区集中安置点','1#2-502','2017','那彭镇担坳村江坎自然村3队','地方病严重、地质灾害频发，以及其他确需实施易地扶贫搬迁的地区。',1,'69.37','7500.00','2017-11-01','2017-11-01','连体房','69.00','已拆除',0,'2018-08-01','69.00','0.00','','种植甘蔗、养鸡','0.00','2018','','否'),(143,'0','0','0','','','','0','',0,0,0,'',0,1,'','',NULL,NULL,0,0,'高新区集中安置点','4#2-302、4#2-603','2017','那彭镇彭新村甑井塘','地方病严重、地质灾害频发，以及其他确需实施易地扶贫搬迁的地区。',1,'138.74','15000.00','2017-12-01','2017-12-01','连体房','0.00','',0,NULL,'0.00','0.00','已复绿','种植辣椒、优质稻','5000.00','2018','','否'),(144,'0','0','0','','','','0','',0,0,0,'',0,1,'','',NULL,NULL,0,0,'高新区集中安置点','1#3-602、4#2-203','2017','那彭镇那蒟村横江岭11队','地方病严重、地质灾害频发，以及其他确需实施易地扶贫搬迁的地区。',1,'138.74','15000.00','2017-12-01','2017-12-01','连体房','38.00','已拆除',0,'2018-06-01','38.00','0.00','已复绿','养猪','2000.00','2018','','否'),(145,'0','0','0','','','','0','',0,0,0,'',0,1,'','',NULL,NULL,0,0,'高新区集中安置点','4#1-102','2017','那彭镇六湖村贵旺塘6队','地方病严重、地质灾害频发，以及其他确需实施易地扶贫搬迁的地区。',1,'69.37','7500.00','2017-12-01','2017-12-01','自建独立房','24.00','已拆除',0,'2018-07-01','24.00','0.00','已复绿','','0.00','2018','','否'),(146,'0','0','0','','','','0','',0,0,0,'',0,1,'','',NULL,NULL,0,0,'高新区集中安置点','4#1-103','2017','那彭镇英学村东白沙14组','地方病严重、地质灾害频发，以及其他确需实施易地扶贫搬迁的地区。',1,'69.37','7500.00','2017-12-01','2017-12-01','无房户 ','0.00','',0,NULL,'0.00','0.00','已复绿','','0.00','2019','','否'),(147,'0','0','0','','','','0','',0,0,0,'',0,1,'','',NULL,NULL,0,0,'高新区集中安置点','4#1-302','2017','那彭镇那蒟村那蒟村6队','地方病严重、地质灾害频发，以及其他确需实施易地扶贫搬迁的地区。',1,'69.37','7500.00','2017-12-01','2017-12-01','连体房','65.00','已拆除',0,'2018-06-01','65.00','0.00','','种植桉树','7000.00','2018','','否'),(148,'0','0','0','','','','0','',0,0,0,'',0,1,'','',NULL,NULL,0,0,'高新区集中安置点','4#1-502、5#3-301','2017','那彭镇白沙村桥头坪11队自然村屯','地方病严重、地质灾害频发，以及其他确需实施易地扶贫搬迁的地区。',1,'138.50','15000.00','2017-12-01','2017-12-01','自建独立房','25.00','已拆除',0,'2018-09-01','25.00','0.00','已复绿','','0.00','2018','','否'),(149,'0','0','0','','','','0','',0,0,0,'',0,1,'','',NULL,NULL,0,0,'高新区集中安置点','4#1-602、4#2-403','2017','那彭镇那蒟村长岭嘴12队','地方病严重、地质灾害频发，以及其他确需实施易地扶贫搬迁的地区。',1,'138.74','15000.00','2017-12-01','2017-12-01','自建独立房','60.00','已拆除',0,'2018-06-01','60.00','0.00','','养牛、种植辣椒','2400.00','2018','','否'),(150,'0','0','0','','','','0','',0,0,0,'',0,1,'','',NULL,NULL,0,0,'高新区集中安置点','1#2-603','2017','那彭镇后立村牛头塘第七村民小组自然村屯','地方病严重、地质灾害频发，以及其他确需实施易地扶贫搬迁的地区。',1,'69.37','7500.00','2017-12-01','2017-12-01','无房户','0.00','',0,NULL,'0.00','0.00','已复绿','种植桉树','5000.00','2018','','否'),(151,'0','0','0','','','','0','',0,0,0,'',0,1,'','',NULL,NULL,0,0,'高新区集中安置点','4#2-502','2017','那彭镇彭新村大路坪','地方病严重、地质灾害频发，以及其他确需实施易地扶贫搬迁的地区。',1,'69.37','7500.00','2017-12-01','2017-12-01','自建独立房','40.00','已拆除',0,'2019-05-01','40.00','0.00','已复绿','','5000.00','2018','','否'),(152,'0','0','0','','','','0','',0,0,0,'',0,1,'','',NULL,NULL,0,0,'高新区集中安置点','4#2-602','2017','那彭镇彭新村陈屋山','地方病严重、地质灾害频发，以及其他确需实施易地扶贫搬迁的地区。',1,'69.37','7500.00','2017-12-01','2017-12-01','连体房','0.00','',0,NULL,'0.00','0.00','','种植辣椒、桉树，养蜜蜂','0.00','2019','','否'),(153,'0','0','0','','','','0','',0,0,0,'',0,1,'','',NULL,NULL,0,0,'高新区集中安置点','4#3-203、5#3-105','2017','那彭镇那里村木梗1队自然村屯','地方病严重、地质灾害频发，以及其他确需实施易地扶贫搬迁的地区。',1,'138.50','15000.00','2017-12-01','2017-12-01','连体房','23.98','已拆除',0,'2018-12-01','23.98','0.00','已复绿','养猪、种植优质稻','0.00','2018','','否'),(154,'0','0','0','','','','0','',0,0,0,'',0,1,'','',NULL,NULL,0,0,'高新区集中安置点','4#3-302','2017','那彭镇凤凰岗村马路17队','地方病严重、地质灾害频发，以及其他确需实施易地扶贫搬迁的地区。',1,'69.37','7500.00','2017-12-01','2017-12-01','自建独立房','31.00','已拆除',0,'2019-06-01','31.00','0.00','已复绿','种植甘蔗、桉树','5000.00','2018','','否'),(155,'0','0','0','','','','0','',0,0,0,'',0,1,'','',NULL,NULL,0,0,'高新区集中安置点','5#2-301','2017','那彭镇那蒟村长岭嘴12队','地方病严重、地质灾害频发，以及其他确需实施易地扶贫搬迁的地区。',1,'68.58','7500.00','2017-11-01','2017-11-01','自建独立房','90.00','已拆除',0,'2018-06-01','90.00','0.00','已复绿','种植桉树、辣椒','0.00','2019','','否'),(156,'0','0','0','','','','0','',0,0,0,'',0,1,'','',NULL,NULL,0,0,'高新区集中安置点','5#3-501','2017','那彭镇屋背村母猪碑4队','地方病严重、地质灾害频发，以及其他确需实施易地扶贫搬迁的地区。',1,'69.13','7500.00','2017-11-01','2017-11-01','连体房','50.00','已拆除',0,'2019-06-01','50.00','0.00','','种植甘蔗','7000.00','2018','','否'),(157,'0','0','0','','','','0','',0,0,0,'',0,1,'','',NULL,NULL,0,0,'高新区集中安置点','1#1-601','2017','那彭镇彭新村那曹坪','地方病严重、地质灾害频发，以及其他确需实施易地扶贫搬迁的地区。',1,'93.19','10000.00','2017-11-01','2017-11-01','连体房','0.00','',0,NULL,'0.00','0.00','已复绿','种植辣椒、优质稻','4500.00','2018','','否'),(158,'0','0','0','','','','0','',0,0,0,'',0,1,'','',NULL,NULL,0,0,'高新区集中安置点','1#2-501','2017','那彭镇那蒟村黄瓜坪14队','地方病严重、地质灾害频发，以及其他确需实施易地扶贫搬迁的地区。',1,'93.19','10000.00','2017-11-01','2017-11-01','连体房','0.00','',0,NULL,'0.00','0.00','','养鸡','0.00','2018','','否'),(159,'0','0','0','','','','0','',0,0,0,'',0,1,'','',NULL,NULL,0,0,'高新区集中安置点','1#3-305','2017','那彭镇后立村黄茅田第二村民小组自然村屯','地方病严重、地质灾害频发，以及其他确需实施易地扶贫搬迁的地区。',1,'93.19','10000.00','2017-11-01','2017-11-01','连体房','0.00','',0,NULL,'0.00','0.00','已复绿','养猪','5000.00','2018','','否'),(160,'0','0','0','','','','0','',0,0,0,'',0,1,'','',NULL,NULL,0,0,'高新区集中安置点','2#1-501','2017','那彭镇凤凰岗村大田山5队','地方病严重、地质灾害频发，以及其他确需实施易地扶贫搬迁的地区。',1,'92.64','10000.00','2017-11-01','2017-11-01','连体房','0.00','',0,NULL,'0.00','0.00','已复绿','种植优质稻','5000.00','2018','','否'),(161,'0','0','0','','','','0','',0,0,0,'',0,1,'','',NULL,NULL,0,0,'高新区集中安置点','2#2-301','2017','那彭镇屋背村吊丝竹3队','地方病严重、地质灾害频发，以及其他确需实施易地扶贫搬迁的地区。',1,'92.64','10000.00','2017-11-01','2017-11-01','自建独立房','90.00','已拆除',0,'2019-06-01','90.00','0.00','已复绿','种植桉树','5000.00','2019','','否'),(162,'0','0','0','','','','0','',0,0,0,'',0,1,'','',NULL,NULL,0,0,'高新区集中安置点','4#3-201','2017','那彭镇英学村那天江4组','地方病严重、地质灾害频发，以及其他确需实施易地扶贫搬迁的地区。',1,'93.19','10000.00','2017-12-01','2017-12-01','自建独立房','60.00','已拆除',0,'2019-06-01','60.00','0.00','已复绿','','7000.00','2018','','否'),(163,'0','0','0','','','','0','',0,0,0,'',0,1,'','',NULL,NULL,0,0,'高新区集中安置点','4#3-305','2017','那彭镇彭新村马塘田','地方病严重、地质灾害频发，以及其他确需实施易地扶贫搬迁的地区。',1,'93.19','10000.00','2017-12-01','2017-12-01','连体房','0.00','',0,NULL,'0.00','0.00','','种植辣椒、优质稻','5000.00','2018','','否'),(164,'0','0','0','','','','0','',0,0,0,'',0,1,'','',NULL,NULL,0,0,'高新区集中安置点','5#2-505','2017','那彭镇白沙村水口垌8队自然村屯','地方病严重、地质灾害频发，以及其他确需实施易地扶贫搬迁的地区。',1,'93.53','10000.00','2017-11-01','2017-11-01','自建独立房','52.00','已拆除',0,'2019-04-01','52.00','0.00','','种植辣椒、优质稻','5000.00','2018','','否'),(165,'0','0','0','','','','0','',0,0,0,'',0,1,'','',NULL,NULL,0,0,'高新区集中安置点','5#2-601','2017','那彭镇那勉村那婆垌6队','地方病严重、地质灾害频发，以及其他确需实施易地扶贫搬迁的地区。',1,'68.58','7500.00','2017-12-01','2017-12-01','自建独立房','30.00','已拆除',0,'2018-08-01','30.00','0.00','','种植优质稻、木薯','5000.00','2018','','否'),(166,'0','0','0','','','','0','',0,0,0,'',0,1,'','',NULL,NULL,0,0,'高新区集中安置点','3#303','2017','那思镇塘底村牛宦江二队自然村屯','地方病严重、地质灾害频发，以及其他确需实施易地扶贫搬迁的地区。',1,'23.88','2500.00','2017-11-01','2017-11-01','自建独立房','25.00','已拆除',0,'2019-08-01','25.00','0.00','','种植木薯','5000.00','2017','','否'),(167,'0','0','0','','','','0','',0,0,0,'',0,1,'','',NULL,NULL,0,0,'高新区集中安置点','3#508','2017','那思镇牛寮水村','地方病严重、地质灾害频发，以及其他确需实施易地扶贫搬迁的地区。',1,'23.88','2500.00','2017-11-01','2017-11-01','连体房','0.00','',0,NULL,'0.00','0.00','已复绿','种植辣椒','4000.00','2018','','否'),(168,'0','0','0','','','','0','',0,0,0,'',0,1,'','',NULL,NULL,0,0,'高新区集中安置点','3#207','2017','那思镇那京村那京村自然村屯','地方病严重、地质灾害频发，以及其他确需实施易地扶贫搬迁的地区。',1,'23.88','2500.00','2017-11-01','2017-11-01','自建独立房','25.00','已拆除',0,'2019-09-01','25.00','0.00','已复绿','','2250.00','2018','是','否'),(169,'0','0','0','','','','0','',0,0,0,'',0,1,'','',NULL,NULL,0,0,'高新区集中安置点','3#319','2017','那思镇合江村看牛坪','地方病严重、地质灾害频发，以及其他确需实施易地扶贫搬迁的地区。',1,'23.88','2500.00','2017-11-01','2017-11-01','自建独立房','60.00','已拆除',0,'2019-05-01','60.00','0.00','','','0.00','2018','','否'),(170,'0','0','0','','','','0','',0,0,0,'',0,1,'','',NULL,NULL,0,0,'高新区集中安置点','3#105','2017','那思镇定蒙村那中自然村屯','地方病严重、地质灾害频发，以及其他确需实施易地扶贫搬迁的地区。',1,'23.88','2500.00','2017-11-01','2017-11-01','自建独立房','12.00','已拆除',0,'2019-05-01','12.00','0.00','已复绿','','5000.00','2019','','否'),(171,'0','0','0','','','','0','',0,0,0,'',0,1,'','',NULL,NULL,0,0,'高新区集中安置点','5#1-303','2017','那思镇塘底村塘底自然村屯','地方病严重、地质灾害频发，以及其他确需实施易地扶贫搬迁的地区。',1,'48.11','5000.00','2017-11-01','2017-11-01','连体房','0.00','',0,NULL,'0.00','0.00','已复绿','','7000.00','2018','','否'),(172,'0','0','0','','','','0','',0,0,0,'',0,1,'','',NULL,NULL,0,0,'高新区集中安置点','2#1-503','2017','那思镇牛寮水村沙埠江自然村屯','地方病严重、地质灾害频发，以及其他确需实施易地扶贫搬迁的地区。',1,'48.11','5000.00','2017-11-01','2017-11-01','自建独立房','63.00','已拆除',0,'2019-08-01','63.00','0.00','已复绿','','5000.00','2017','','否'),(173,'0','0','0','','','','0','',0,0,0,'',0,1,'','',NULL,NULL,0,0,'高新区集中安置点','3#605','2017','那思镇牛寮水村粟坡岭自然村屯','地方病严重、地质灾害频发，以及其他确需实施易地扶贫搬迁的地区。',1,'47.76','5000.00','2017-11-01','2017-11-01','连体房','0.00','',0,NULL,'0.00','0.00','','种植桉树','3600.00','2019','','否'),(174,'0','0','0','','','','0','',0,0,0,'',0,1,'','',NULL,NULL,0,0,'高新区集中安置点','5#3-202','2017','那思镇那京村贵屋田自然村屯','地方病严重、地质灾害频发，以及其他确需实施易地扶贫搬迁的地区。',1,'48.96','5000.00','2017-11-01','2017-11-01','连体房','0.00','',0,NULL,'0.00','0.00','已复绿','','5000.00','未脱贫','','否'),(175,'0','0','0','','','','0','',0,0,0,'',0,1,'','',NULL,NULL,0,0,'高新区集中安置点','2#2-403','2017','那思镇米子村九洋','地方病严重、地质灾害频发，以及其他确需实施易地扶贫搬迁的地区。',1,'48.11','5000.00','2017-11-01','2017-11-01','自建独立房','12.00','已拆除',0,'2019-01-01','12.00','0.00','已复绿','种植辣椒、优质稻','0.00','2018','','否'),(176,'0','0','0','','','','0','',0,0,0,'',0,1,'','',NULL,NULL,0,0,'高新区集中安置点','5#1-603','2017','那思镇合江村合江','地方病严重、地质灾害频发，以及其他确需实施易地扶贫搬迁的地区。',1,'48.11','5000.00','2017-11-01','2017-11-01','自建独立房','40.00','已拆除',0,NULL,'40.00','0.00','已复绿','种植辣椒、优质稻、豆角','0.00',' 未脱贫','','否'),(177,'0','0','0','','','','0','',0,0,0,'',0,1,'','',NULL,NULL,0,0,'高新区集中安置点','5#1-102','2017','那思镇合江村 ','地方病严重、地质灾害频发，以及其他确需实施易地扶贫搬迁的地区。',1,'48.11','5000.00','2017-11-01','2017-11-01','自建独立房','45.00','已拆除',0,'2019-01-01','45.00','0.00','','养猪、种植辣椒','0.00','2017','','否'),(178,'0','0','0','','','','0','',0,0,0,'',0,1,'','',NULL,NULL,0,0,'高新区集中安置点','4#3-303','2017','那思镇定蒙村那里垅自然村屯','地方病严重、地质灾害频发，以及其他确需实施易地扶贫搬迁的地区。',1,'69.37','7500.00','2017-12-01','2017-12-01','自建独立房','48.00','已拆除',0,'2019-05-01','48.00','0.00','已复绿','养猪、种植辣椒','0.00','2018','','否'),(179,'0','0','0','','','','0','',0,0,0,'',0,1,'','',NULL,NULL,0,0,'高新区集中安置点','4#2-303','2017','那思镇牛寮水村黄羌岭自然村屯','地方病严重、地质灾害频发，以及其他确需实施易地扶贫搬迁的地区。',1,'69.37','7500.00','2017-12-01','2017-12-01','自建独立房','20.00','已拆除',0,'2019-09-01','20.00','0.00','','种植桉树','0.00','2019','','否'),(180,'0','0','0','','','','0','',0,0,0,'',0,1,'','',NULL,NULL,0,0,'高新区集中安置点','5#3-601','2017','那思镇牛寮水村泗洒岭自然村屯','地方病严重、地质灾害频发，以及其他确需实施易地扶贫搬迁的地区。',1,'69.13','7500.00','2017-11-01','2017-11-01','连体房','0.00','',0,NULL,'0.00','0.00','','','5000.00','未脱贫','','否'),(181,'0','0','0','','','','0','',0,0,0,'',0,1,'','',NULL,NULL,0,0,'高新区集中安置点','5#3-305','2017','那思镇牛寮水村牛寮水自然村屯','地方病严重、地质灾害频发，以及其他确需实施易地扶贫搬迁的地区。',1,'69.13','7500.00','2017-11-01','2017-11-01','连体房','0.00','',0,NULL,'0.00','0.00','已复绿','种植甘蔗','0.00','2017','','否'),(182,'0','0','0','','','','0','',0,0,0,'',0,1,'','',NULL,NULL,0,0,'高新区集中安置点','4#3-602','2017','那思镇牛寮水村上架山自然村屯','地方病严重、地质灾害频发，以及其他确需实施易地扶贫搬迁的地区。',1,'69.37','7500.00','2017-12-01','2017-12-01','连体房','0.00','',0,NULL,'0.00','0.00','已复绿','养牛、种植桉树','5000.00','2019','','否'),(183,'0','0','0','','','','0','',0,0,0,'',0,1,'','',NULL,NULL,0,0,'高新区集中安置点','2#3-302','2017','那思镇牛寮水村牛寮水自然村屯','地方病严重、地质灾害频发，以及其他确需实施易地扶贫搬迁的地区。',1,'69.37','7500.00','2017-11-01','2017-11-01','连体房','40.68','已拆除',0,'2019-09-01','40.68','0.00','已复绿','种植辣椒、甘蔗','4600.00','2018','','否'),(184,'0','0','0','','','','0','',0,0,0,'',0,1,'','',NULL,NULL,0,0,'高新区集中安置点','1#2-402','2017','那思镇牛寮水村粟坡岭自然村屯','地方病严重、地质灾害频发，以及其他确需实施易地扶贫搬迁的地区。',1,'69.37','7500.00','2017-11-01','2017-11-01','连体房','0.00','',0,NULL,'0.00','0.00','已复绿','种植桉树','5000.00','2019','','否'),(185,'0','0','0','','','','0','',0,0,0,'',0,1,'','',NULL,NULL,0,0,'高新区集中安置点','4#1-303','2017','那思镇那京村垭田自然村屯','地方病严重、地质灾害频发，以及其他确需实施易地扶贫搬迁的地区。',1,'69.37','7500.00','2017-12-01','2017-12-01','自建独立房','30.00','已拆除',0,'2019-08-01','30.00','0.00','已复绿','养猪','7000.00','2018','','否'),(186,'0','0','0','','','','0','',0,0,0,'',0,1,'','',NULL,NULL,0,0,'高新区集中安置点','1#3-303','2017','那思镇那京村鲤鱼坪自然村屯','地方病严重、地质灾害频发，以及其他确需实施易地扶贫搬迁的地区。',1,'69.37','7500.00','2017-11-01','2017-11-01','连体房','0.00','',0,NULL,'0.00','0.00','','种植优质稻、豆类','5000.00','未脱贫','','否'),(187,'0','0','0','','','','0','',0,0,0,'',0,1,'','',NULL,NULL,0,0,'高新区集中安置点','5#3-201','2017','那思镇米子村米子二队','地方病严重、地质灾害频发，以及其他确需实施易地扶贫搬迁的地区。',1,'69.13','7500.00','2017-11-01','2017-11-01','自建独立房','35.00','已拆除',0,'2019-03-01','35.00','0.00','','养鸭','0.00','2018','','否'),(188,'0','0','0','','','','0','',0,0,0,'',0,1,'','',NULL,NULL,0,0,'高新区集中安置点','2#3-502','2017','那思镇米子村顶塘村','地方病严重、地质灾害频发，以及其他确需实施易地扶贫搬迁的地区。',1,'69.37','7500.00','2017-11-01','2017-11-01','自建独立房','28.00','已拆除',0,'2019-03-01','28.00','0.00','','种植辣椒','5000.00','2019','','否'),(189,'0','0','0','','','','0','',0,0,0,'',0,1,'','',NULL,NULL,0,0,'高新区集中安置点','1#3-202','2017','那思镇合江村合江','地方病严重、地质灾害频发，以及其他确需实施易地扶贫搬迁的地区。',1,'69.37','7500.00','2017-11-01','2017-11-01','自建独立房','30.00','已拆除',0,'2019-01-01','30.00','0.00','已复绿','','7000.00','2018','','否'),(190,'0','0','0','','','','0','',0,0,0,'',0,1,'','',NULL,NULL,0,0,'高新区集中安置点','1#2-302','2017','那思镇定蒙村大塘自然村屯','地方病严重、地质灾害频发，以及其他确需实施易地扶贫搬迁的地区。',1,'69.37','7500.00','2017-11-01','2017-11-01','连体房','0.00','',0,NULL,'0.00','0.00','','养猪','5000.00','2019','','否'),(191,'0','0','0','','','','0','',0,0,0,'',0,1,'','',NULL,NULL,0,0,'高新区集中安置点','1#2-303','2017','那思镇茶兰垌村上双山','地方病严重、地质灾害频发，以及其他确需实施易地扶贫搬迁的地区。',1,'69.37','7500.00','2017-11-01','2017-11-01','连体房','0.00','',0,NULL,'0.00','0.00','已复绿','种植辣椒、优质稻','7000.00','2018','','否'),(192,'0','0','0','','','','0','',0,0,0,'',0,1,'','',NULL,NULL,0,0,'高新区集中安置点','1#1-201','2017','那思镇牛寮水村牛寮水自然村屯','地方病严重、地质灾害频发，以及其他确需实施易地扶贫搬迁的地区。',1,'93.19','10000.00','2017-11-01','2017-11-01','连体房','64.00','已拆除',0,'2019-09-01','64.00','0.00','','种植甘蔗、养牛','5000.00','2018','','否'),(193,'0','0','0','','','','0','',0,0,0,'',0,1,'','',NULL,NULL,0,0,'高新区集中安置点','4#2-601','2017','那思镇那思村山鸡村','地方病严重、地质灾害频发，以及其他确需实施易地扶贫搬迁的地区。',1,'93.12','10000.00','2017-12-01','2017-12-01','自建独立房','16.00','已拆除',0,'2019-04-01','16.00','0.00','已复绿','种植辣椒、优质稻','5000.00','2018','','否'),(194,'0','0','0','','','','0','',0,0,0,'',0,1,'','',NULL,NULL,0,0,'高新区集中安置点','4#2-505','2017','那思镇那思村山鸡村','地方病严重、地质灾害频发，以及其他确需实施易地扶贫搬迁的地区。',1,'93.12','10000.00','2017-12-01','2017-12-01','连体房','16.00','已拆除',0,'2019-11-01','17.00','0.00','已复绿','种植辣椒、优质稻','5000.00','2018','','否'),(195,'0','0','0','','','','0','',0,0,0,'',0,1,'','',NULL,NULL,0,0,'高新区集中安置点','3#213、1#3-605','2017','那思镇牛寮水村三合水二自然村屯','地方病严重、地质灾害频发，以及其他确需实施易地扶贫搬迁的地区。',1,'117.07','12500.00','2017-11-01','2017-11-01','连体房','0.00','',0,NULL,'0.00','0.00','已复绿','种植辣椒、桉树','1800.00','2019','','否'),(196,'0','0','0','','','','0','',0,0,0,'',0,1,'','',NULL,NULL,0,0,'高新区集中安置点','3#510、2#2-305','2017','那思镇牛寮水村大岭5自然村屯','地方病严重、地质灾害频发，以及其他确需实施易地扶贫搬迁的地区。',1,'116.52','12500.00','2017-11-01','2017-11-01','自建独立房','75.00','已拆除',0,'2019-09-01','75.00','0.00','','种植木薯、甘蔗','0.00','2018','','否'),(197,'0','0','0','','','','0','',0,0,0,'',0,1,'','',NULL,NULL,0,0,'高新区集中安置点','3#512、1#1-301','2017','那思镇牛寮水村牛寮水自然村屯','地方病严重、地质灾害频发，以及其他确需实施易地扶贫搬迁的地区。',1,'117.07','12500.00','2017-11-01','2017-11-01','连体房','0.00','',0,NULL,'0.00','0.00','','种植桉树','5000.00','2019','','否'),(198,'0','0','0','','','','0','',0,0,0,'',0,1,'','',NULL,NULL,0,0,'高新区集中安置点','1#3-501、1#3-501','2017','那思镇牛寮水村黄羌岭自然村屯','地方病严重、地质灾害频发，以及其他确需实施易地扶贫搬迁的地区。',1,'117.07','12500.00','2017-11-01','2017-11-01','连体房','68.00','已拆除',0,'0000-00-00','68.00','0.00','已复绿','种植甘蔗','6100.00','2018','','否'),(199,'0','0','0','','','','0','',0,0,0,'',0,1,'','',NULL,NULL,0,0,'高新区集中安置点','3#101、1#1-203','2017','那思镇牛寮水村木棍田自然村屯','地方病严重、地质灾害频发，以及其他确需实施易地扶贫搬迁的地区。',1,'117.13','12500.00','2017-11-01','2017-11-01','连体房','0.00','',0,NULL,'0.00','0.00','已复绿','种植辣椒','5000.00','2019','','否'),(200,'0','0','0','','','','0','',0,0,0,'',0,1,'','',NULL,NULL,0,0,'高新区集中安置点','3#115、4#1-505','2017','那思镇合江村禾堂岭','地方病严重、地质灾害频发，以及其他确需实施易地扶贫搬迁的地区。',1,'117.07','12500.00','2017-11-01','2017-11-01','自建独立房','20.00','已拆除',0,'2019-05-01','20.00','0.00','已复绿','','7000.00','2019','','否'),(201,'0','0','0','','','','0','',0,0,0,'',0,1,'','',NULL,NULL,0,0,'高新区集中安置点','3#320、5#2-605','2017','那思镇合江村山角','地方病严重、地质灾害频发，以及其他确需实施易地扶贫搬迁的地区。',1,'117.41','12500.00','2017-11-01','2017-11-01','自建独立房','50.00','已拆除',0,'2019-01-01','50.00','0.00','','养猪','5700.00','2019','','否'),(202,'0','0','0','','','','0','',0,0,0,'',0,1,'','',NULL,NULL,0,0,'高新区集中安置点','3#408、2#1-605','2017','那思镇定蒙村清水塘自然村屯','地方病严重、地质灾害频发，以及其他确需实施易地扶贫搬迁的地区。',1,'116.52','12500.00','2017-11-01','2017-11-01','连体房','0.00','',0,NULL,'0.00','0.00','已复绿','种植桉树','7000.00','2018','','否'),(203,'0','0','0','','','','0','',0,0,0,'',0,1,'','',NULL,NULL,0,0,'高新区集中安置点','3#609、4#1-205','2017','那思镇定蒙村上稔龙自然村屯','地方病严重、地质灾害频发，以及其他确需实施易地扶贫搬迁的地区。',1,'117.07','12500.00','2017-11-01','2017-11-01','连体房','0.00','',0,NULL,'0.00','0.00','','种植优质稻','5000.00','2018','','否'),(204,'0','0','0','','','','0','',0,0,0,'',0,1,'','',NULL,NULL,0,0,'高新区集中安置点','3#405、1#3-201','2017','那思镇定蒙村长埇江自然村屯','地方病严重、地质灾害频发，以及其他确需实施易地扶贫搬迁的地区。',1,'117.07','12500.00','2017-11-01','2017-11-01','连体房','0.00','',0,NULL,'0.00','0.00','已复绿','养鸭、种植桉树','5000.00','2018','','否'),(205,'0','0','0','','','','0','',0,0,0,'',0,1,'','',NULL,NULL,0,0,'高新区集中安置点','3#519、4#1-101','2017','那思镇定蒙村长埇江自然村屯','地方病严重、地质灾害频发，以及其他确需实施易地扶贫搬迁的地区。',1,'117.07','12500.00','2017-11-01','2017-11-01','连体房','0.00','',0,NULL,'0.00','0.00','','种植辣椒','5000.00','2018','','否'),(206,'0','0','0','','','','0','',0,0,0,'',0,1,'','',NULL,NULL,0,0,'高新区集中安置点','3#111、4#1-405','2017','那思镇茶兰垌村上双山','地方病严重、地质灾害频发，以及其他确需实施易地扶贫搬迁的地区。',1,'117.07','12500.00','2017-11-01','2017-11-01','连体房','0.00','',0,NULL,'0.00','0.00','已复绿','种植辣椒、百香果','5000.00','2019','','否'),(207,'0','0','0','','','','0','',0,0,0,'',0,1,'','',NULL,NULL,0,0,'高新区集中安置点','3#517、4#3-501','2017','那思镇茶兰垌村上双山','地方病严重、地质灾害频发，以及其他确需实施易地扶贫搬迁的地区。',1,'117.07','12500.00','2017-11-01','2017-11-01','连体房','0.00','',0,NULL,'0.00','0.00','已复绿','种植辣椒','0.00','2018','','否'),(208,'0','0','0','','','','0','',0,0,0,'',0,1,'','',NULL,NULL,0,0,'高新区集中安置点','2#1-302、1#3-105','2017','那思镇牛寮水村黄羌岭自然村屯','地方病严重、地质灾害频发，以及其他确需实施易地扶贫搬迁的地区。',1,'141.30','15000.00','2017-11-01','2017-11-01','连体房','0.00','',0,NULL,'0.00','0.00','','种植桉树','5000.00','2017','','否'),(209,'0','0','0','','','','0','',0,0,0,'',0,1,'','',NULL,NULL,0,0,'高新区集中安置点','2#1-403、1#1-101','2017','那思镇牛寮水村大岭4自然村屯','地方病严重、地质灾害频发，以及其他确需实施易地扶贫搬迁的地区。',1,'141.30','15000.00','2017-11-01','2017-11-01','连体房','0.00','',0,NULL,'0.00','0.00','','种植甘蔗、木薯、甜糯玉米','5000.00','2018','','否'),(210,'0','0','0','','','','0','',0,0,0,'',0,1,'','',NULL,NULL,0,0,'高新区集中安置点','3#501、1#2-401','2017','那思镇牛寮水村坪寮自然村屯','地方病严重、地质灾害频发，以及其他确需实施易地扶贫搬迁的地区。',1,'140.95','15000.00','2017-11-01','2017-11-01','连体房','0.00','',0,NULL,'0.00','0.00','','种植甘蔗','3900.00','2018','','否'),(211,'0','0','0','','','','0','',0,0,0,'',0,1,'','',NULL,NULL,0,0,'高新区集中安置点','3#521、5#1-505','2017','那思镇牛寮水村三合水二自然村屯','地方病严重、地质灾害频发，以及其他确需实施易地扶贫搬迁的地区。',1,'140.40','15000.00','2017-11-01','2017-11-01','连体房','0.00','',0,NULL,'0.00','0.00','','种植辣椒','5000.00','2018','','否'),(212,'0','0','0','','','','0','',0,0,0,'',0,1,'','',NULL,NULL,0,0,'高新区集中安置点','5#2-302、2#2-101','2017','那思镇塘底村吉新自然村屯','地方病严重、地质灾害频发，以及其他确需实施易地扶贫搬迁的地区。',1,'141.21','15000.00','2017-11-01','2017-11-01','连体房','0.00','',0,NULL,'0.00','0.00','','种植辣椒、油茶','5000.00','2018','','否'),(213,'0','0','0','','','','0','',0,0,0,'',0,1,'','',NULL,NULL,0,0,'高新区集中安置点','5#1-202、4#2-401','2017','那思镇米子村黄南一队','地方病严重、地质灾害频发，以及其他确需实施易地扶贫搬迁的地区。',1,'141.30','15000.00','2017-12-01','2017-12-01','自建独立房','20.00','已拆除',0,'2019-03-01','20.00','0.00','','养鸡','5000.00','2018','','否'),(214,'0','0','0','','','','0','',0,0,0,'',0,1,'','',NULL,NULL,0,0,'高新区集中安置点','2#1-603、4#1-105','2017','那思镇禄宦塘村妙楼二队','地方病严重、地质灾害频发，以及其他确需实施易地扶贫搬迁的地区。',1,'141.30','15000.00','2017-12-01','2017-12-01','连体房','0.00','',0,NULL,'0.00','0.00','','种植辣椒','1800.00','2019','','否'),(215,'0','0','0','','','','0','',0,0,0,'',0,1,'','',NULL,NULL,0,0,'高新区集中安置点','5#2-503、1#2-503','2017','那思镇合江村大岭','地方病严重、地质灾害频发，以及其他确需实施易地扶贫搬迁的地区。',1,'117.94','12500.00','2017-11-01','2017-11-01','自建独立房','39.00','已拆除',0,'2019-01-01','39.00','0.00','','种植优质稻、桉树','7000.00','2019','','否'),(216,'0','0','0','','','','0','',0,0,0,'',0,1,'','',NULL,NULL,0,0,'高新区集中安置点','3#611、5#2-205','2017','那思镇茶兰垌村上双山','地方病严重、地质灾害频发，以及其他确需实施易地扶贫搬迁的地区。',1,'141.29','15000.00','2017-11-01','2017-11-01','连体房','0.00','',0,NULL,'0.00','0.00','','种植优质稻、牛','7000.00','2019','','否'),(217,'0','0','0','','','','0','',0,0,0,'',0,1,'','',NULL,NULL,0,0,'高新区集中安置点','3#515、2#3-402、5#3-401','2017','那思镇定蒙村上稔龙自然村屯','地方病严重、地质灾害频发，以及其他确需实施易地扶贫搬迁的地区。',1,'162.38','17500.00','2017-11-01','2017-11-01','自建独立房','25.00','已拆除',0,'2018-08-01','25.00','0.00','','种植优质稻、黄瓜','7000.00','2018','','否'),(218,'0','0','0','','','','0','',0,0,0,'',0,1,'','',NULL,NULL,0,0,'高新区集中安置点','3#302、5#3-605、2#3-203','2017','那思镇茶兰垌村上双山','地方病严重、地质灾害频发，以及其他确需实施易地扶贫搬迁的地区。',1,'162.38','17500.00','2017-11-01','2017-11-01','连体房','0.00','',0,NULL,'0.00','0.00','','','5000.00','2017','','否'),(219,'0','0','0','','','','0','',0,0,0,'',0,1,'','',NULL,NULL,0,0,'高新区集中安置点','2#2-102、4#3-202、1#2-102','2017','那思镇定蒙村长埇江自然村屯','地方病严重、地质灾害频发，以及其他确需实施易地扶贫搬迁的地区。',1,'186.85','20000.00','2017-12-01','2017-12-01','连体房','0.00','',0,NULL,'0.00','0.00','已复绿','种植沃柑、桉树','5000.00','2019','','否'),(220,'0','0','0','','','','0','',0,0,0,'',0,1,'','',NULL,NULL,0,0,'高新区集中安置点','2#2-602','2017','沙埠镇明天移民新村明天村','地方病严重、地质灾害频发，以及其他确需实施易地扶贫搬迁的地区。',1,'48.11','5000.00','2017-11-01','2017-11-01','连体房','0.00','',0,NULL,'0.00','0.00','','养猪','7000.00','2018','','否'),(221,'0','0','0','','','','0','',0,0,0,'',0,1,'','',NULL,NULL,0,0,'高新区集中安置点','4#2-501','2017','沙埠镇明天移民新村明天村','地方病严重、地质灾害频发，以及其他确需实施易地扶贫搬迁的地区。',1,'93.19','10000.00','2017-11-01','2017-11-01','连体房','0.00','',0,NULL,'0.00','0.00','已复绿','种植荔枝','4500.00','2018','','否'),(222,'0','0','0','','','','0','',0,0,0,'',0,1,'','',NULL,NULL,0,0,'高新区集中安置点','2#3-305','2017','沙埠镇明天移民新村明天村','地方病严重、地质灾害频发，以及其他确需实施易地扶贫搬迁的地区。',1,'117.07','12500.00','2017-11-01','2017-11-01','连体房','0.00','',0,NULL,'0.00','0.00','','','5000.00','2018','','否'),(223,'0','0','0','','','','0','',0,0,0,'',0,1,'','',NULL,NULL,0,0,'高新区集中安置点','3#602','2017','沙埠镇明天移民新村明天村','地方病严重、地质灾害频发，以及其他确需实施易地扶贫搬迁的地区。',1,'47.76','5000.00','2017-11-01','2017-11-01','连体房','0.00','',0,NULL,'0.00','0.00','已复绿','种植桉树','5000.00','2018','','否'),(224,'0','0','0','','','','0','',0,0,0,'',0,1,'','',NULL,NULL,0,0,'高新区集中安置点','3#321、4#2-202','2017','沙埠镇明天移民新村明天村','地方病严重、地质灾害频发，以及其他确需实施易地扶贫搬迁的地区。',1,'117.13','12500.00','2017-11-01','2017-11-01','连体房','0.00','',0,NULL,'0.00','0.00','','种植桉树','4100.00','2018','','否'),(225,'0','0','0','','','','0','',0,0,0,'',0,1,'','',NULL,NULL,0,0,'高新区集中安置点','3#317、2#1-101','2017','沙埠镇明天移民新村明天村','地方病严重、地质灾害频发，以及其他确需实施易地扶贫搬迁的地区。',1,'116.52','12500.00','2017-11-01','2017-11-01','连体房','0.00','',0,NULL,'0.00','0.00','','养猪、养鸡','0.00','2019','','否'),(226,'0','0','0','','','','0','',0,0,0,'',0,1,'','',NULL,NULL,0,0,'高新区集中安置点','1#2-403','2017','沙埠镇明天移民新村明天村','地方病严重、地质灾害频发，以及其他确需实施易地扶贫搬迁的地区。',1,'69.37','7500.00','2017-11-01','2017-11-01','连体房','0.00','',0,NULL,'0.00','0.00','','','7000.00','2018','','否'),(227,'0','0','0','','','','0','',0,0,0,'',0,1,'','',NULL,NULL,0,0,'高新区集中安置点','5#2-101','2017','沙埠镇明天移民新村明天村','地方病严重、地质灾害频发，以及其他确需实施易地扶贫搬迁的地区。',1,'68.58','7500.00','2017-11-01','2017-11-01','连体房','0.00','',0,NULL,'0.00','0.00','','种植荔枝、养鸡','5000.00','2019','','否'),(228,'0','0','0','','','','0','',0,0,0,'',0,1,'','',NULL,NULL,0,0,'高新区集中安置点','1#2-203','2017','沙埠镇明天移民新村明天村','地方病严重、地质灾害频发，以及其他确需实施易地扶贫搬迁的地区。',1,'69.37','7500.00','2017-11-01','2017-11-01','连体房','0.00','',0,NULL,'0.00','0.00','','种植荔枝、养鸡','7000.00','2018','','否'),(229,'0','0','0','','','','0','',0,0,0,'',0,1,'','',NULL,NULL,0,0,'高新区集中安置点','5#3-101','2017','沙埠镇明天移民新村明天村','地方病严重、地质灾害频发，以及其他确需实施易地扶贫搬迁的地区。',1,'69.13','7500.00','2017-11-01','2017-11-01','连体房','0.00','',0,NULL,'0.00','0.00','','养牛、养鸡','0.00','2018','','否'),(230,'0','0','0','','','','0','',0,0,0,'',0,1,'','',NULL,NULL,0,0,'高新区集中安置点','3#403','2017','沙埠镇明天移民新村明天村','地方病严重、地质灾害频发，以及其他确需实施易地扶贫搬迁的地区。',1,'23.88','2500.00','2017-11-01','2017-11-01','连体房','0.00','',0,NULL,'0.00','0.00','','养鸡','5000.00','2018','','否'),(231,'0','0','0','','','','0','',0,0,0,'',0,1,'','',NULL,NULL,0,0,'高新区集中安置点','4#1-201','2017','沙埠镇明天移民新村明天村','地方病严重、地质灾害频发，以及其他确需实施易地扶贫搬迁的地区。',1,'93.19','10000.00','2017-12-01','2017-12-01','连体房','0.00','',0,NULL,'0.00','0.00','','种植甜玉米、养鸡','2250.00','2018','','否'),(232,'0','0','0','','','','0','',0,0,0,'',0,1,'','',NULL,NULL,0,0,'高新区集中安置点','5#1-405、2#2-205','2017','沙埠镇明天移民新村明天村','地方病严重、地质灾害频发，以及其他确需实施易地扶贫搬迁的地区。',1,'185.28','20000.00','2017-11-01','2017-11-01','连体房','0.00','',0,NULL,'0.00','0.00','','养羊、养猪','5000.00','2018','','否'),(233,'0','0','0','','','','0','',0,0,0,'',0,1,'','',NULL,NULL,0,0,'高新区集中安置点','5#3-405','2017','沙埠镇明天移民新村明天村','地方病严重、地质灾害频发，以及其他确需实施易地扶贫搬迁的地区。',1,'69.13','7500.00','2017-11-01','2017-11-01','连体房','0.00','',0,NULL,'0.00','0.00','','养牛、养鸡','0.00','2018','','否'),(234,'0','0','0','','','','0','',0,0,0,'',0,1,'','',NULL,NULL,0,0,'高新区集中安置点','2#3-605','2017','沙埠镇明天移民新村明天村','地方病严重、地质灾害频发，以及其他确需实施易地扶贫搬迁的地区。',1,'93.19','10000.00','2017-11-01','2017-11-01','连体房','0.00','',0,NULL,'0.00','0.00','','种植桉树','5000.00','2018','','否'),(235,'0','0','0','','','','0','',0,0,0,'',0,1,'','',NULL,NULL,0,0,'高新区集中安置点','3#419','2017','沙埠镇明天移民新村明天村','地方病严重、地质灾害频发，以及其他确需实施易地扶贫搬迁的地区。',1,'23.88','2500.00','2017-11-01','2017-11-01','连体房','0.00','',0,NULL,'0.00','0.00','','养猪','5000.00','2018','','否'),(236,'0','0','0','','','','0','',0,0,0,'',0,1,'','',NULL,NULL,0,0,'高新区集中安置点','4#1-402、4#1-503','2017','沙埠镇明天移民新村明天村','地方病严重、地质灾害频发，以及其他确需实施易地扶贫搬迁的地区。',1,'138.74','15000.00','2017-12-01','2017-12-01','连体房','0.00','',0,NULL,'0.00','0.00','','养牛、养鸡','4000.00','2018','','否'),(237,'0','0','0','','','','0','',0,0,0,'',0,1,'','',NULL,NULL,0,0,'高新区集中安置点','3#413','2017','沙埠镇明天移民新村明天村','地方病严重、地质灾害频发，以及其他确需实施易地扶贫搬迁的地区。',1,'23.88','2500.00','2017-11-01','2017-11-01','连体房','0.00','',0,NULL,'0.00','0.00','','','750.00','2018','','否'),(238,'0','0','0','','','','0','',0,0,0,'',0,1,'','',NULL,NULL,0,0,'高新区集中安置点','3#219','2017','沙埠镇明天移民新村明天村','地方病严重、地质灾害频发，以及其他确需实施易地扶贫搬迁的地区。',1,'23.88','2500.00','2017-11-01','2017-11-01','连体房','0.00','',0,NULL,'0.00','0.00','','','5000.00','2018','','否'),(239,'0','0','0','','','','0','',0,0,0,'',0,1,'','',NULL,NULL,0,0,'高新区集中安置点','1#1-402','2017','沙埠镇明天移民新村明天村','地方病严重、地质灾害频发，以及其他确需实施易地扶贫搬迁的地区。',1,'69.37','7500.00','2017-11-01','2017-11-01','连体房','0.00','',0,NULL,'0.00','0.00','','养牛、种植桉树','5000.00','2018','','否'),(240,'0','0','0','','','','0','',0,0,0,'',0,1,'','',NULL,NULL,0,0,'高新区集中安置点','3#513','2017','沙埠镇明天移民新村明天村','地方病严重、地质灾害频发，以及其他确需实施易地扶贫搬迁的地区。',1,'23.88','2500.00','2017-11-01','2017-11-01','连体房','0.00','',0,NULL,'0.00','0.00','','种植荔枝','4000.00','2018','','否'),(241,'0','0','0','','','','0','',0,0,0,'',0,1,'','',NULL,NULL,0,0,'高新区集中安置点','5#2-303','2017','沙埠镇明天移民新村明天村','地方病严重、地质灾害频发，以及其他确需实施易地扶贫搬迁的地区。',1,'48.57','5000.00','2017-11-01','2017-11-01','连体房','0.00','',0,NULL,'0.00','0.00','','','5000.00','2018','是','否'),(242,'0','0','0','','','','0','',0,0,0,'',0,1,'','',NULL,NULL,0,0,'高新区集中安置点','3#412','2017','沙埠镇明天移民新村明天村','地方病严重、地质灾害频发，以及其他确需实施易地扶贫搬迁的地区。',1,'23.88','2500.00','2017-11-01','2017-11-01','连体房','0.00','',0,NULL,'0.00','0.00','','','5000.00','2018','是','否'),(243,'0','0','0','','','','0','',0,0,0,'',0,1,'','',NULL,NULL,0,0,'高新区集中安置点','4#3-103','2017','沙埠镇明天移民新村明天村','地方病严重、地质灾害频发，以及其他确需实施易地扶贫搬迁的地区。',1,'69.37','7500.00','2017-12-01','2017-12-01','连体房','0.00','',0,NULL,'0.00','0.00','','','5000.00','','','否'),(244,'0','0','0','','','','0','',0,0,0,'',0,1,'','',NULL,NULL,0,0,'高新区集中安置点','2#1-305','2017','沙埠镇明天移民新村明天村','地方病严重、地质灾害频发，以及其他确需实施易地扶贫搬迁的地区。',1,'92.64','10000.00','2017-11-01','2017-11-01','连体房','0.00','',0,NULL,'0.00','0.00','','养鸡、种植甜玉米、优质稻','0.00','','','否'),(245,'0','0','0','','','','0','',0,0,0,'',0,1,'','',NULL,NULL,0,0,'高新区集中安置点','4#3-403、1#3-103','2017','沙埠镇明天移民新村明天村','地方病严重、地质灾害频发，以及其他确需实施易地扶贫搬迁的地区。',1,'138.74','15000.00','2017-12-01','2017-12-01','连体房','0.00','',0,NULL,'0.00','0.00','','养猪','0.00','2018','','否'),(246,'0','0','0','','','','0','',0,0,0,'',0,1,'','',NULL,NULL,0,0,'高新区集中安置点','1#1-605、3#311','2017','沙埠镇明天移民新村明天村','地方病严重、地质灾害频发，以及其他确需实施易地扶贫搬迁的地区。',1,'117.07','12500.00','2017-11-01','2017-11-01','连体房','0.00','',0,NULL,'0.00','0.00','','养牛、养鸡','5000.00','2019','','否'),(247,'0','0','0','','','','0','',0,0,0,'',0,1,'','',NULL,NULL,0,0,'高新区集中安置点','2#2-505、5#1-503','2017','沙埠镇明天移民新村明天村','地方病严重、地质灾害频发，以及其他确需实施易地扶贫搬迁的地区。',1,'140.75','15000.00','2017-11-01','2017-11-01','连体房','0.00','',0,NULL,'0.00','0.00','','养猪','6000.00','2018','','否'),(248,'0','0','0','','','','0','',0,0,0,'',0,1,'','',NULL,NULL,0,0,'高新区集中安置点','5#1-605、','2017','沙埠镇明天移民新村明天村','地方病严重、地质灾害频发，以及其他确需实施易地扶贫搬迁的地区。',1,'92.64','10000.00','2017-11-01','2017-11-01','连体房','0.00','',0,NULL,'0.00','0.00','','种植桉树','0.00','2018','是','否'),(249,'0','0','0','','','','0','',0,0,0,'',0,1,'','',NULL,NULL,0,0,'高新区集中安置点','4#1-601、2#2-603','2017','沙埠镇明天移民新村明天村','地方病严重、地质灾害频发，以及其他确需实施易地扶贫搬迁的地区。',1,'141.30','15000.00','2017-12-01','2017-12-01','连体房','0.00','',0,NULL,'0.00','0.00','','养猪','0.00','2019','','否'),(250,'0','0','0','','','','0','',0,0,0,'',0,1,'','',NULL,NULL,0,0,'高新区集中安置点','5#1-601、5#1-602','2017','沙埠镇明天移民新村明天村','地方病严重、地质灾害频发，以及其他确需实施易地扶贫搬迁的地区。',1,'140.75','15000.00','2017-11-01','2017-11-01','连体房','0.00','',0,NULL,'0.00','0.00','','种植桉树','0.00','2019','','否'),(251,'0','0','0','','','','0','',0,0,0,'',0,1,'','',NULL,NULL,0,0,'高新区集中安置点','1#1-405、','2017','沙埠镇油埠村青窝自然村屯','地方病严重、地质灾害频发，以及其他确需实施易地扶贫搬迁的地区。',1,'93.19','10000.00','2017-11-01','2017-11-01','自建独立房','40.00','已拆除',0,'2018-07-01','40.00','0.00','','','4200.00','2018','','否'),(252,'0','0','0','','','','0','',0,0,0,'',0,1,'','',NULL,NULL,0,0,'高新区集中安置点','4#3-505、3#307','2017','沙埠镇油埠村旱垌江自然村屯','地方病严重、地质灾害频发，以及其他确需实施易地扶贫搬迁的地区。',1,'117.07','12500.00','2017-11-01','2017-11-01','无房户','0.00','',0,NULL,'0.00','0.00','','','5000.00','2018','','否'),(253,'0','0','0','','','','0','',0,0,0,'',0,1,'','',NULL,NULL,0,0,'高新区集中安置点','4#2-103','2017','沙埠镇油埠村油埠自然村屯','地方病严重、地质灾害频发，以及其他确需实施易地扶贫搬迁的地区。',1,'69.37','7500.00','2017-12-01','2017-12-01','自建独立房','35.00','已拆除',0,'2018-02-01','35.00','0.00','','种植桉树、辣椒、优质稻','5000.00','2018','','否'),(254,'0','0','0','','','','0','',0,0,0,'',0,1,'','',NULL,NULL,0,0,'高新区集中安置点','2#2-502','2017','沙埠镇油埠村旱垌江自然村屯','地方病严重、地质灾害频发，以及其他确需实施易地扶贫搬迁的地区。',1,'48.11','5000.00','2017-11-01','2017-11-01','自建独立房','22.00','已拆除',0,'2018-07-01','22.00','0.00','','','5000.00','2018','','否'),(255,'0','0','0','','','','0','',0,0,0,'',0,1,'','',NULL,NULL,0,0,'高新区集中安置点','4#1-403、5#2-401、1#1-202','2017','沙埠镇油埠村那包自然村屯','地方病严重、地质灾害频发，以及其他确需实施易地扶贫搬迁的地区。',1,'207.32','22500.00','2017-12-01','2017-12-01','自建独立房','50.00','已拆除',0,'2018-08-01','50.00','0.00','','养猪','4500.00','2018','','否'),(256,'0','0','0','','','','0','',0,0,0,'',0,1,'','',NULL,NULL,0,0,'高新区集中安置点','2#3-103、2#1-203','2017','沙埠镇望埠村水沙江村','地方病严重、地质灾害频发，以及其他确需实施易地扶贫搬迁的地区。',1,'117.48','12500.00','2017-11-01','2017-11-01','连体房','0.00','',0,NULL,'0.00','0.00','','种植糖料蔗','5000.00','2018','','否'),(257,'0','0','0','','','','0','',0,0,0,'',0,1,'','',NULL,NULL,0,0,'高新区集中安置点','5#2-502、2#1-203','2017','沙埠镇望埠村高坡村','地方病严重、地质灾害频发，以及其他确需实施易地扶贫搬迁的地区。',1,'117.94','12500.00','2017-11-01','2017-11-01','自建独立房','64.14','已拆除',0,'2018-08-01','64.14','0.00','已复绿','','4500.00','2019','','否'),(258,'0','0','0','','','','0','',0,0,0,'',0,1,'','',NULL,NULL,0,0,'高新区集中安置点','2#2-105、2#3-301、3#212','2017','沙埠镇望埠村金桔村水沙江村','地方病严重、地质灾害频发，以及其他确需实施易地扶贫搬迁的地区。',1,'209.71','22500.00','2017-11-01','2017-11-01','连体房','0.00','',0,NULL,'0.00','0.00','','种植糖料蔗','0.00','2018','','否'),(259,'0','0','0','','','','0','',0,0,0,'',0,1,'','',NULL,NULL,0,0,'高新区集中安置点','1#1-105','2017','沙埠镇望埠村金桔村','地方病严重、地质灾害频发，以及其他确需实施易地扶贫搬迁的地区。',1,'93.19','10000.00','2017-11-01','2017-11-01','自建独立房','38.20','已拆除',0,'2018-08-01','38.20','0.00','已复绿','种植糖料蔗、优质稻','0.00','2018','','否'),(260,'0','0','0','','','','0','',0,0,0,'',0,1,'','',NULL,NULL,0,0,'高新区集中安置点','2#2-601','2017','沙埠镇海棠村秧地坪村','地方病严重、地质灾害频发，以及其他确需实施易地扶贫搬迁的地区。',1,'92.64','10000.00','2017-11-01','2017-11-01','连体房','0.00','',0,NULL,'0.00','0.00','已复绿','','5000.00','2018','','否'),(261,'0','0','0','','','','0','',0,0,0,'',0,1,'','',NULL,NULL,0,0,'高新区集中安置点','4#3-503','2017','沙埠镇田寮社区木杆陴','地方病严重、地质灾害频发，以及其他确需实施易地扶贫搬迁的地区。',1,'69.37','7500.00','2017-12-01','2017-12-01','自建独立房','50.00','已拆除',0,'2018-11-01','50.00','0.00','已复绿','','0.00','2019','','否'),(262,'0','0','0','','','','0','',0,0,0,'',0,1,'','',NULL,NULL,0,0,'高新区集中安置点','2#1-601','2017','沙埠镇大岭村白沙村','地方病严重、地质灾害频发，以及其他确需实施易地扶贫搬迁的地区。',1,'92.64','10000.00','2017-11-01','2017-11-01','自建独立房','120.00','已拆除',0,'2019-09-01','120.00','0.00','','','7000.00','2018','','否'),(263,'450700000000','450702000000','450702002000','测试行政村','测试自然村屯','13222221111','','',0,2020,2018,'因学',0,1,'测试搬迁方式','测试搬迁地址',NULL,NULL,0,0,'','','','','',1,'0.00','0.00',NULL,NULL,'','0.00','',0,NULL,'0.00','0.00','','','0.00','','',''),(264,'450700000000','','','测试行政村','测试自然村屯','13222221111','','',0,2020,2018,'因学',0,1,'测试搬迁方式','测试搬迁地址',NULL,NULL,0,0,'','','','','',1,'0.00','0.00',NULL,NULL,'','0.00','',0,NULL,'0.00','0.00','','','0.00','','',''),(265,'450700000000','','','测试行政村','测试自然村屯','13222221111','','',0,2020,2018,'因学',0,1,'测试搬迁方式','测试搬迁地址',NULL,NULL,0,0,'','','','','',1,'0.00','0.00',NULL,NULL,'','0.00','',0,NULL,'0.00','0.00','','','0.00','','',''),(266,'450700000000','','','测试行政村','测试自然村屯','13222221111','','',0,2020,2018,'因学',0,1,'测试搬迁方式','测试搬迁地址',NULL,NULL,0,0,'','','','','',1,'0.00','0.00',NULL,NULL,'','0.00','',0,NULL,'0.00','0.00','','','0.00','','',''),(267,'450700000000','','','测试行政村','测试自然村屯','13222221111','','',0,2020,2018,'因学',0,1,'测试搬迁方式','测试搬迁地址',NULL,NULL,0,0,'','','','','',1,'0.00','0.00',NULL,NULL,'','0.00','',0,NULL,'0.00','0.00','','','0.00','','',''),(268,'','','','1','2','13222221111','','',0,2020,2018,'因学',0,1,'测试搬迁方式','测试搬迁地址',NULL,NULL,0,0,'','','','','',1,'0.00','0.00',NULL,NULL,'','0.00','',0,NULL,'0.00','0.00','','','0.00','','',''),(269,'','','','1','2','13222221111','十大的','12444949949',2,1222,2018,'因学',0,1,'测试搬迁方式','测试搬迁地址',NULL,NULL,0,0,'','','','','',1,'0.00','0.00',NULL,NULL,'','0.00','',0,NULL,'0.00','0.00','','','0.00','','',''),(270,'','','','1','2','13222221111','十大的','12444949949',1,1222,2018,'因学',0,1,'测试搬迁方式','测试搬迁地址',NULL,NULL,0,0,'','','','','',1,'0.00','0.00',NULL,NULL,'','0.00','',0,NULL,'0.00','0.00','','','0.00','','',''),(271,'','','','1','2','13222221111','十大的','12444949949',1,1222,2011,'因学',0,1,'测试搬迁方式','测试搬迁地址',NULL,NULL,0,0,'','','','','',1,'0.00','0.00',NULL,NULL,'','0.00','',0,NULL,'0.00','0.00','','','0.00','','',''),(272,'','','','1','2','13222221111','十大的','12444949949',1,1222,2011,'因学',1,1,'测试搬迁方式','测试搬迁地址',NULL,NULL,0,0,'','','','','',1,'0.00','0.00',NULL,NULL,'','0.00','',0,NULL,'0.00','0.00','','','0.00','','',''),(273,'','','','1','2','13222221111','十大的','12444949949',1,1222,2011,'因学',1,0,'测试搬迁方式','测试搬迁地址',NULL,NULL,0,0,'','','','','',1,'0.00','0.00',NULL,NULL,'','0.00','',0,NULL,'0.00','0.00','','','0.00','','',''),(274,'','','','1','2','13222221111','十大的','12444949949',1,1222,2011,'因学',1,0,'测试搬迁方式22','测试搬迁地址11',NULL,NULL,0,0,'','','','','',1,'0.00','0.00',NULL,NULL,'','0.00','',0,NULL,'0.00','0.00','','','0.00','','',''),(275,'','','','1','2','13222221111','十大的','12444949949',2,1222,2011,'因学',1,0,'测试搬迁方式22','测试搬迁地址11',NULL,NULL,0,0,'','','','','',1,'0.00','0.00',NULL,NULL,'','0.00','',0,NULL,'0.00','0.00','','','0.00','','',''),(276,'','','','1','2','13222221111','十大的','12444949949',2,1222,2011,'因学',1,0,'测试搬迁方式22','测试搬迁地址11',NULL,NULL,0,0,'','','','','',1,'0.00','0.00',NULL,NULL,'','0.00','',0,NULL,'0.00','0.00','','','0.00','','',''),(277,'','','','1','2','13222221111','十大的','12444949949',2,2020,2011,'因学',1,0,'测试搬迁方式22','测试搬迁地址11',NULL,NULL,0,0,'','','','','',1,'0.00','0.00',NULL,NULL,'','0.00','',0,NULL,'0.00','0.00','','','0.00','','',''),(278,'','','','1','2','13222221111','十大的','12444949949',2,2020,2011,'因学',1,0,'测试搬迁方式22','测试搬迁地址11',NULL,NULL,0,0,'','','','','',1,'0.00','0.00',NULL,NULL,'','0.00','',0,NULL,'0.00','0.00','','','0.00','','',''),(279,'','','','1','2','13222221111','十大的','12444949949',2,2020,2011,'因学',1,0,'测试搬迁方式22','测试搬迁地址11',NULL,NULL,0,1,'','','','','',1,'0.00','0.00',NULL,NULL,'','0.00','',0,NULL,'0.00','0.00','','','0.00','','',''),(280,'450700000000','450702000000','450702002000','测试行政村1','测试自然村屯2','13222221122','渣打','444111',3,2021,2017,'因学1',1,1,'测试搬迁方式2','测试搬迁地址2',NULL,NULL,0,0,'','','','','',1,'0.00','0.00',NULL,NULL,'','0.00','',0,NULL,'0.00','0.00','','','0.00','','',''),(281,'450700000000','450702000000','450702002000','测试行政村1','测试自然村屯2','13222221122','渣打','444111',3,2021,2017,'因学1',1,1,'测试搬迁方式2','测试搬迁地址2',NULL,NULL,0,0,'','','','','',1,'0.00','0.00',NULL,NULL,'','0.00','',0,NULL,'0.00','0.00','','','0.00','','',''),(282,'450700000000','','','测试行政村','测试自然村屯','13222221111','','',0,2020,2018,'因学',0,1,'测试搬迁方式','测试搬迁地址','2020-03-29 19:28:50',NULL,0,0,'','','','','',1,'0.00','0.00',NULL,NULL,'','0.00','',0,NULL,'0.00','0.00','','','0.00','','',''),(283,'450700000000','','','测试行政村','测试自然村屯','13222221111','','',0,2020,2018,'因学',0,1,'测试搬迁方式','测试搬迁地址','2020-03-29 19:28:52',NULL,0,0,'','','','','',1,'0.00','0.00',NULL,NULL,'','0.00','',0,NULL,'0.00','0.00','','','0.00','','',''),(284,'450700000000','','','测试行政村','测试自然村屯','13222221111','','',0,2020,2018,'因学',0,1,'测试搬迁方式','测试搬迁地址','2020-03-29 19:29:00',NULL,0,0,'','','','','',1,'0.00','0.00',NULL,NULL,'','0.00','',0,NULL,'0.00','0.00','','','0.00','','',''),(285,'450700000000','','','测试行政村','测试自然村屯','13222221111','','',0,2020,2018,'因学',0,1,'测试搬迁方式','测试搬迁地址',NULL,NULL,0,0,'','','','','',1,'0.00','0.00',NULL,NULL,'','0.00','',0,NULL,'0.00','0.00','','','0.00','','',''),(286,'450700000000','','','测试行政村','测试自然村屯','13222221111','','',0,2020,2018,'因学',0,1,'测试搬迁方式','测试搬迁地址','2020-03-29 19:42:34',NULL,0,0,'','','','','',1,'0.00','0.00',NULL,NULL,'','0.00','',0,NULL,'0.00','0.00','','','0.00','','',''),(287,'450700000000','','','测试行政村','测试自然村屯','13222221111','','',0,2020,2018,'因学',0,1,'测试搬迁方式','测试搬迁地址','2020-03-29 19:49:48',NULL,0,0,'','','','','',1,'0.00','0.00',NULL,NULL,'','0.00','',0,NULL,'0.00','0.00','','','0.00','','',''),(288,'450700000000','','','测试行政村','测试自然村屯','13222221111','','',0,2020,2018,'因学',0,1,'测试搬迁方式','测试搬迁地址','2020-03-29 19:49:48',NULL,0,0,'','','','','',1,'0.00','0.00',NULL,NULL,'','0.00','',0,NULL,'0.00','0.00','','','0.00','','',''),(289,'450700000000','','','测试行政村','测试自然村屯','13222221111','','',0,2020,2018,'因学',0,1,'测试搬迁方式','测试搬迁地址','2020-03-29 19:51:22',NULL,0,0,'','','','','',1,'0.00','0.00',NULL,NULL,'','0.00','',0,NULL,'0.00','0.00','','','0.00','','',''),(290,'450700000000','450702000000','450702001000','测试行政村','测试自然村屯','13222221111','公公','锅盖',0,2020,2018,'因学',0,1,'测试搬迁方式','测试搬迁地址',NULL,NULL,0,1,'','','','','',1,'0.00','0.00',NULL,NULL,'','0.00','',0,NULL,'0.00','0.00','','','0.00','','',''),(291,'450700000000','','','测试行政村','测试自然村屯','13222221111','','',1,2020,2018,'因学',0,1,'测试搬迁方式','测试搬迁地址',NULL,NULL,0,1,'','','','','',1,'0.00','0.00',NULL,NULL,'','0.00','',0,NULL,'0.00','0.00','','','0.00','','',''),(292,'450700000000','','','测试行政村','测试自然村屯','13222221111','','',0,2020,2018,'因学',0,1,'测试搬迁方式','测试搬迁地址','2020-03-29 22:09:28',NULL,0,0,'','','','','',1,'0.00','0.00',NULL,NULL,'','0.00','',0,NULL,'0.00','0.00','','','0.00','','',''),(293,'450700000000','','','测试行政村','测试自然村屯','13222221111','','',0,2020,2018,'因学',0,1,'测试搬迁方式','测试搬迁地址','2020-03-29 22:09:28',NULL,0,0,'','','','','',1,'0.00','0.00',NULL,NULL,'','0.00','',0,NULL,'0.00','0.00','','','0.00','','',''),(294,'450700000000','','','测试行政村','测试自然村屯','13222221111','','',0,2020,2018,'因学',0,1,'测试搬迁方式','测试搬迁地址','2020-03-29 22:16:15',NULL,0,0,'','','','','',1,'0.00','0.00',NULL,NULL,'','0.00','',0,NULL,'0.00','0.00','','','0.00','','',''),(295,'450700000000','','','测试行政村','测试自然村屯','13222221111','','',0,2020,2018,'因学',0,1,'测试搬迁方式','测试搬迁地址','2020-03-31 02:04:47',NULL,0,0,'','','','','',1,'0.00','0.00',NULL,NULL,'','0.00','',0,NULL,'0.00','0.00','','','0.00','','',''),(296,'450700000000','','','测试行政村','测试自然村屯','13222221111','132','',0,2020,2018,'因学',0,1,'测试搬迁方式','测试搬迁地址',NULL,NULL,0,1,'','','','','',1,'0.00','0.00',NULL,NULL,'','0.00','',0,NULL,'0.00','0.00','','','0.00','','','');

/*Table structure for table `ym_jtjbqk_scshtj` */

DROP TABLE IF EXISTS `ym_jtjbqk_scshtj`;

CREATE TABLE `ym_jtjbqk_scshtj` (
  `id` int(10) unsigned NOT NULL AUTO_INCREMENT,
  `fid` int(10) unsigned NOT NULL DEFAULT 0 COMMENT '贫困户基本信息表id',
  `gdmj` decimal(6,2) unsigned NOT NULL DEFAULT 0.00 COMMENT '耕地面积（亩）',
  `ldmj` decimal(6,2) unsigned NOT NULL DEFAULT 0.00 COMMENT '林地面积（亩）',
  `tghlmj` decimal(6,2) unsigned NOT NULL DEFAULT 0.00 COMMENT '退耕还林面积（亩）',
  `lgmj` decimal(6,2) unsigned NOT NULL DEFAULT 0.00 COMMENT '林果面积（亩）',
  `mcdmj` decimal(6,2) unsigned NOT NULL DEFAULT 0.00 COMMENT '牧草地面积（亩)',
  `smmj` decimal(6,2) unsigned NOT NULL DEFAULT 0.00 COMMENT '水面面积（亩）',
  `sfjrnmzyhzs` tinyint(1) unsigned NOT NULL DEFAULT 0 COMMENT '是否加入农民专业合作社',
  `sfyltqybz` tinyint(1) unsigned NOT NULL DEFAULT 0 COMMENT '是否有龙头企业带动',
  `sfycyzfdtrdd` tinyint(1) unsigned NOT NULL DEFAULT 0 COMMENT '是否有创业致富带头人带动',
  `sftshyd` tinyint(1) unsigned NOT NULL DEFAULT 0 COMMENT '是否通生活用电',
  `sftgbds` tinyint(1) unsigned NOT NULL DEFAULT 0 COMMENT '是否通广播电视',
  `sfjjaqyys` tinyint(1) unsigned NOT NULL DEFAULT 0 COMMENT '是否解决安全饮用水',
  `sfywscs` tinyint(1) unsigned NOT NULL DEFAULT 0 COMMENT '是否有卫生厕所',
  `yczgljl` decimal(5,2) unsigned NOT NULL DEFAULT 0.00 COMMENT '与村主干路距离（公里）',
  `rhllx` tinyint(2) unsigned NOT NULL DEFAULT 0 COMMENT '入户路类型',
  `zfmj` decimal(5,2) unsigned NOT NULL DEFAULT 0.00 COMMENT '住房面积（平方米）',
  `sfwf` tinyint(1) unsigned NOT NULL DEFAULT 0 COMMENT '是否危房',
  `wfdj` tinyint(2) unsigned NOT NULL DEFAULT 0 COMMENT '危房等级',
  `wgnd` smallint(6) unsigned NOT NULL DEFAULT 0 COMMENT '危改年度',
  `zyrllx` tinyint(2) unsigned NOT NULL DEFAULT 0 COMMENT '主要燃料类型',
  `jtrlmc` varchar(50) NOT NULL DEFAULT '' COMMENT '具体燃料名称',
  `lrrq` date DEFAULT NULL COMMENT '录入日期',
  `gxrq` date DEFAULT NULL COMMENT '更新日期',
  `scbz` tinyint(1) unsigned NOT NULL DEFAULT 0 COMMENT '删除标志',
  PRIMARY KEY (`id`)
) ENGINE=InnoDB AUTO_INCREMENT=7 DEFAULT CHARSET=utf8 COMMENT='贫困户家庭基本情况-生产生活条件';

/*Data for the table `ym_jtjbqk_scshtj` */

insert  into `ym_jtjbqk_scshtj`(`id`,`fid`,`gdmj`,`ldmj`,`tghlmj`,`lgmj`,`mcdmj`,`smmj`,`sfjrnmzyhzs`,`sfyltqybz`,`sfycyzfdtrdd`,`sftshyd`,`sftgbds`,`sfjjaqyys`,`sfywscs`,`yczgljl`,`rhllx`,`zfmj`,`sfwf`,`wfdj`,`wgnd`,`zyrllx`,`jtrlmc`,`lrrq`,`gxrq`,`scbz`) values (1,0,'0.00','0.00','0.00','0.00','0.00','0.00',0,0,0,0,0,0,0,'0.00',0,'0.00',0,0,0,0,'',NULL,NULL,1),(2,266,'1.00','2.00','3.00','4.00','5.00','6.00',1,1,1,1,1,1,1,'7.00',3,'8.00',1,1,2019,4,'0','0000-00-00','0000-00-00',0),(3,286,'1.00','2.00','3.00','4.00','5.00','6.00',1,1,1,1,0,0,0,'22.00',1,'8.00',1,1,2019,5,'0','0000-00-00','0000-00-00',0),(4,289,'0.00','0.00','0.00','0.00','0.00','0.00',0,0,0,0,0,0,0,'0.00',0,'0.00',0,0,0,5,'公公2','0000-00-00','0000-00-00',0),(5,291,'11.00','22.00','33.00','44.00','55.00','66.00',0,0,0,0,0,0,0,'7.00',3,'8.00',1,3,2022,5,'个','0000-00-00','0000-00-00',0),(6,293,'0.00','0.00','0.00','0.00','0.00','0.00',0,0,0,0,0,0,0,'0.00',0,'0.00',0,0,0,0,'','0000-00-00','0000-00-00',0);

/*Table structure for table `ym_jtjbqk_zpyy` */

DROP TABLE IF EXISTS `ym_jtjbqk_zpyy`;

CREATE TABLE `ym_jtjbqk_zpyy` (
  `id` int(10) unsigned NOT NULL AUTO_INCREMENT,
  `fid` int(10) unsigned NOT NULL,
  `zpyy1` tinyint(2) unsigned NOT NULL DEFAULT 0 COMMENT '致贫原因1',
  `zpyy2` tinyint(2) unsigned NOT NULL DEFAULT 0 COMMENT '致贫原因2',
  `zpyy3` tinyint(2) unsigned NOT NULL DEFAULT 0 COMMENT '致贫原因3',
  `ncjtrks` tinyint(2) unsigned NOT NULL DEFAULT 0 COMMENT '年初家庭人口数',
  `nmjtrks` tinyint(2) unsigned NOT NULL DEFAULT 0 COMMENT '年末家庭人口数',
  `scbz` tinyint(1) unsigned NOT NULL DEFAULT 0 COMMENT '删除标志',
  PRIMARY KEY (`id`)
) ENGINE=InnoDB AUTO_INCREMENT=34 DEFAULT CHARSET=utf8;

/*Data for the table `ym_jtjbqk_zpyy` */

insert  into `ym_jtjbqk_zpyy`(`id`,`fid`,`zpyy1`,`zpyy2`,`zpyy3`,`ncjtrks`,`nmjtrks`,`scbz`) values (27,266,0,0,0,2,3,0),(28,285,0,0,0,1,2,0),(29,286,1,2,3,1,1,0),(30,290,1,3,2,22,33,1),(31,291,0,0,0,0,0,1),(32,293,1,2,0,0,0,0),(33,296,1,2,4,22,0,1);

/*Table structure for table `ym_mid_bfr_jtjbqk` */

DROP TABLE IF EXISTS `ym_mid_bfr_jtjbqk`;

CREATE TABLE `ym_mid_bfr_jtjbqk` (
  `id` int(10) unsigned NOT NULL AUTO_INCREMENT,
  `bid` int(10) unsigned NOT NULL COMMENT '帮扶人id',
  `fid` int(10) unsigned NOT NULL COMMENT '家庭id',
  PRIMARY KEY (`id`),
  KEY `fk` (`bid`),
  CONSTRAINT `fk` FOREIGN KEY (`bid`) REFERENCES `ym_bfr` (`id`) ON DELETE CASCADE ON UPDATE NO ACTION
) ENGINE=InnoDB AUTO_INCREMENT=4 DEFAULT CHARSET=utf8;

/*Data for the table `ym_mid_bfr_jtjbqk` */

insert  into `ym_mid_bfr_jtjbqk`(`id`,`bid`,`fid`) values (3,1,2);

/*Table structure for table `ym_srdjb_bjrjtwdtpsrxm` */

DROP TABLE IF EXISTS `ym_srdjb_bjrjtwdtpsrxm`;

CREATE TABLE `ym_srdjb_bjrjtwdtpsrxm` (
  `id` int(10) unsigned NOT NULL AUTO_INCREMENT,
  `fid` int(10) unsigned DEFAULT NULL COMMENT '贫困户基本信息表id',
  `lb` tinyint(2) unsigned NOT NULL COMMENT '类别:1教育保障类；2医疗保障类；3,住房保障类；4，产业奖补类；5，金融类；6，社会保障类；7，保险赔付金；8，残疾人补贴；9，捐赠金、慰问金、短期性赡养金、抚养金；10短期性抚恤金；11其他短期性的政策性补助',
  `nf` varchar(10) DEFAULT '' COMMENT '年份',
  `yf` varchar(10) DEFAULT '' COMMENT '月份',
  `je` decimal(9,2) unsigned NOT NULL DEFAULT 0.00 COMMENT '金额',
  PRIMARY KEY (`id`)
) ENGINE=InnoDB DEFAULT CHARSET=utf8 COMMENT='贫困户收入登记表-不计入家庭稳定脱贫收入项目';

/*Data for the table `ym_srdjb_bjrjtwdtpsrxm` */

/*Table structure for table `ym_srdjb_ccxsr` */

DROP TABLE IF EXISTS `ym_srdjb_ccxsr`;

CREATE TABLE `ym_srdjb_ccxsr` (
  `id` int(10) unsigned NOT NULL AUTO_INCREMENT,
  `fid` int(10) unsigned DEFAULT NULL COMMENT '贫困户基本信息表id',
  `lb` tinyint(2) unsigned NOT NULL COMMENT '类别：1资产受益扶贫分红收入2其他',
  `nf` varchar(10) DEFAULT '' COMMENT '年份',
  `yf` varchar(10) DEFAULT '' COMMENT '月份',
  `xm` varchar(100) NOT NULL DEFAULT '' COMMENT '姓名',
  `je` decimal(9,2) unsigned NOT NULL DEFAULT 0.00 COMMENT '金额',
  PRIMARY KEY (`id`)
) ENGINE=InnoDB DEFAULT CHARSET=utf8 COMMENT='贫困户收入登记表-财产性收入\r\n';

/*Data for the table `ym_srdjb_ccxsr` */

/*Table structure for table `ym_srdjb_gzxsr` */

DROP TABLE IF EXISTS `ym_srdjb_gzxsr`;

CREATE TABLE `ym_srdjb_gzxsr` (
  `id` int(10) unsigned NOT NULL AUTO_INCREMENT,
  `fid` int(10) unsigned DEFAULT NULL COMMENT '贫困户基本信息表id',
  `lb` tinyint(2) unsigned NOT NULL COMMENT '类别：1人员2其他',
  `nf` varchar(10) DEFAULT '' COMMENT '年份',
  `yf` varchar(10) DEFAULT '' COMMENT '月份',
  `xm` varchar(100) NOT NULL DEFAULT '' COMMENT '姓名',
  `wggz` varchar(50) NOT NULL DEFAULT '' COMMENT '务工工种',
  `wgssxx` varchar(200) NOT NULL DEFAULT '' COMMENT '务工省、市、县、乡',
  `wgljsj` smallint(5) unsigned NOT NULL DEFAULT 0 COMMENT '务工累计时间（月）',
  `wgqydwmc` varchar(300) NOT NULL DEFAULT '' COMMENT '务工企业（单位）名称',
  `je` decimal(9,2) unsigned NOT NULL DEFAULT 0.00 COMMENT '金额',
  PRIMARY KEY (`id`)
) ENGINE=InnoDB DEFAULT CHARSET=utf8 COMMENT='贫困户收入登记表-工资性收入\r\n';

/*Data for the table `ym_srdjb_gzxsr` */

/*Table structure for table `ym_srdjb_scjyxsz_` */

DROP TABLE IF EXISTS `ym_srdjb_scjyxsz_`;

CREATE TABLE `ym_srdjb_scjyxsz_` (
  `id` int(10) unsigned NOT NULL AUTO_INCREMENT,
  `fid` int(10) unsigned DEFAULT NULL COMMENT '贫困户基本信息表id',
  `lb1` tinyint(2) unsigned NOT NULL COMMENT '类别1：1生产经营性收入2生产经营性支出',
  `lb2` tinyint(2) DEFAULT NULL COMMENT '类别2：1种植业2林业3养殖业4其他',
  `nf` varchar(10) DEFAULT '' COMMENT '年份',
  `yf` varchar(10) DEFAULT '' COMMENT '月份',
  `pz` varchar(20) DEFAULT '' COMMENT '品种',
  `sl` varchar(20) DEFAULT '' COMMENT '数量',
  `je` varchar(20) DEFAULT '' COMMENT '金额',
  PRIMARY KEY (`id`)
) ENGINE=InnoDB DEFAULT CHARSET=utf8 COMMENT='贫困户收入登记表-生产经营性收支\r\n';

/*Data for the table `ym_srdjb_scjyxsz_` */

/*Table structure for table `ym_srdjb_sr1` */

DROP TABLE IF EXISTS `ym_srdjb_sr1`;

CREATE TABLE `ym_srdjb_sr1` (
  `id` int(10) unsigned NOT NULL AUTO_INCREMENT,
  `fid` int(10) unsigned NOT NULL COMMENT '贫困户基本信息表id',
  `lb1` char(2) NOT NULL DEFAULT '' COMMENT '类别1：01生产经营性收入02生产经营性支出',
  `lb2` char(2) NOT NULL DEFAULT '' COMMENT '类别2：01种植业02林业03养殖业04其他',
  `lb3` char(2) NOT NULL DEFAULT '' COMMENT '类别3：01品种02数量03金额',
  `nf` char(4) NOT NULL DEFAULT '' COMMENT '年份',
  `item1` varchar(20) NOT NULL DEFAULT '' COMMENT '1月',
  `item2` varchar(20) NOT NULL DEFAULT '' COMMENT '2月',
  `item3` varchar(20) NOT NULL DEFAULT '' COMMENT '3月',
  `item4` varchar(20) NOT NULL DEFAULT '' COMMENT '4月',
  `item5` varchar(20) NOT NULL DEFAULT '' COMMENT '5月',
  `item6` varchar(20) NOT NULL DEFAULT '' COMMENT '6月',
  `item7` varchar(20) NOT NULL DEFAULT '' COMMENT '7月',
  `item8` varchar(20) NOT NULL DEFAULT '' COMMENT '8月',
  `item9` varchar(20) NOT NULL DEFAULT '' COMMENT '9月',
  `item10` varchar(20) NOT NULL DEFAULT '' COMMENT '10月',
  `item11` varchar(20) NOT NULL DEFAULT '' COMMENT '11月',
  `item12` varchar(20) NOT NULL DEFAULT '' COMMENT '12月',
  PRIMARY KEY (`id`)
) ENGINE=InnoDB AUTO_INCREMENT=247 DEFAULT CHARSET=utf8 COMMENT='贫困户收入登记表-生产经营性收支\r\n';

/*Data for the table `ym_srdjb_sr1` */

insert  into `ym_srdjb_sr1`(`id`,`fid`,`lb1`,`lb2`,`lb3`,`nf`,`item1`,`item2`,`item3`,`item4`,`item5`,`item6`,`item7`,`item8`,`item9`,`item10`,`item11`,`item12`) values (227,262,'01','01','02','2020','1','','','','','','','','','','',''),(228,262,'01','02','03','2020','','','','','','','','','','','',''),(229,262,'01','01','03','2020','22.3','','','','','','','','','','',''),(230,262,'01','02','01','2020','','','','','','','','','','','',''),(231,262,'01','03','03','2020','','','','','','','','','','','',''),(232,262,'01','01','01','2020','我','','','','','','','','','','',''),(233,262,'01','02','02','2020','','','','','','','','','','','',''),(234,262,'01','03','02','2020','','','','','','','','','','','',''),(235,262,'02','03','02','2020','','','','','','','','','','','',''),(236,262,'02','02','01','2020','','','','','','','','','','','',''),(237,262,'02','03','01','2020','','','','','','','','','','','',''),(238,262,'02','01','01','2020','','','','','','','','','','','',''),(239,262,'02','02','02','2020','','','','','','','','','','','',''),(240,262,'02','01','02','2020','','','','','','','','','','','',''),(241,262,'02','02','03','2020','','','','','','','','','','','',''),(242,262,'02','03','03','2020','','','','','','','','','','','',''),(243,262,'02','01','03','2020','','','','','','','','','','','',''),(244,262,'02','04','00','2020','','','','','','','','','','','',''),(245,262,'01','03','01','2020','','','','','','','','','','','',''),(246,262,'01','04','00','2020','','','','','','','','','','','','');

/*Table structure for table `ym_srdjb_sr3` */

DROP TABLE IF EXISTS `ym_srdjb_sr3`;

CREATE TABLE `ym_srdjb_sr3` (
  `id` int(10) unsigned NOT NULL AUTO_INCREMENT,
  `fid` int(10) unsigned DEFAULT NULL COMMENT '家庭id',
  `lb` char(2) NOT NULL COMMENT '类别：01人员02其他03资产收益扶贫分红收入04其他（财产性收入）',
  `nf` char(4) NOT NULL DEFAULT '' COMMENT '年份',
  `xh` tinyint(3) unsigned NOT NULL DEFAULT 0 COMMENT '序号，其他栏没有这个',
  `xm` varchar(20) NOT NULL DEFAULT '' COMMENT '姓名',
  `wggz` varchar(20) NOT NULL DEFAULT '' COMMENT '务工工种',
  `wgdz` varchar(60) NOT NULL DEFAULT '' COMMENT '务工省、市、县、乡',
  `wgljsj` varchar(20) NOT NULL DEFAULT '' COMMENT '务工累计时间',
  `wgqymc` varchar(50) NOT NULL DEFAULT '' COMMENT '务工企业（单位）名称',
  `item1` varchar(10) NOT NULL DEFAULT '' COMMENT '1月',
  `item2` varchar(10) NOT NULL DEFAULT '' COMMENT '2月',
  `item3` varchar(10) NOT NULL DEFAULT '' COMMENT '3月',
  `item4` varchar(10) NOT NULL DEFAULT '' COMMENT '4月',
  `item5` varchar(10) NOT NULL DEFAULT '' COMMENT '5月',
  `item6` varchar(10) NOT NULL DEFAULT '' COMMENT '6月',
  `item7` varchar(10) NOT NULL DEFAULT '' COMMENT '7月',
  `item8` varchar(10) NOT NULL DEFAULT '' COMMENT '8月',
  `item9` varchar(10) NOT NULL DEFAULT '' COMMENT '9月',
  `item10` varchar(10) NOT NULL DEFAULT '' COMMENT '10月',
  `item11` varchar(10) NOT NULL DEFAULT '' COMMENT '11月',
  `item12` varchar(10) NOT NULL DEFAULT '' COMMENT '12月',
  PRIMARY KEY (`id`)
) ENGINE=InnoDB AUTO_INCREMENT=343 DEFAULT CHARSET=utf8 COMMENT='三、工资性收入';

/*Data for the table `ym_srdjb_sr3` */

insert  into `ym_srdjb_sr3`(`id`,`fid`,`lb`,`nf`,`xh`,`xm`,`wggz`,`wgdz`,`wgljsj`,`wgqymc`,`item1`,`item2`,`item3`,`item4`,`item5`,`item6`,`item7`,`item8`,`item9`,`item10`,`item11`,`item12`) values (338,262,'01','2020',1,'给','给','撒大噶','12','12','','1','12','1','21','1','1','','','','',''),(339,262,'01','2020',2,'','','','','','','','','','','','','','','','',''),(340,262,'02','2020',0,'','','','','','','','','','','','','','','','',''),(341,262,'03','2020',0,'','','','','','','','','','','','','','','','',''),(342,262,'04','2020',0,'','','','','','','','','','','','','','','','','');

/*Table structure for table `ym_srdjb_sr5` */

DROP TABLE IF EXISTS `ym_srdjb_sr5`;

CREATE TABLE `ym_srdjb_sr5` (
  `id` int(10) unsigned NOT NULL AUTO_INCREMENT,
  `fid` int(10) unsigned DEFAULT NULL COMMENT '家庭id',
  `lb` char(2) NOT NULL DEFAULT '' COMMENT '类别:01计划生育金；21低保金A，22，低保金B；23，低保金C；03,特困供养金；04，养老保险金；05，生态补偿金（林业补贴）；06，困难残疾人生活补贴和重度残疾人护理补贴；07，农业补贴；08，高龄补贴；09，水库移民补贴；10其他长期性的政策性补贴',
  `nf` char(4) NOT NULL DEFAULT '' COMMENT '年份',
  `item1` varchar(10) NOT NULL DEFAULT '' COMMENT '1',
  `item2` varchar(10) NOT NULL DEFAULT '' COMMENT '2',
  `item3` varchar(10) NOT NULL DEFAULT '' COMMENT '3',
  `item4` varchar(10) NOT NULL DEFAULT '' COMMENT '4',
  `item5` varchar(10) NOT NULL DEFAULT '' COMMENT '5',
  `item6` varchar(10) NOT NULL DEFAULT '' COMMENT '6',
  `item7` varchar(10) NOT NULL DEFAULT '' COMMENT '7',
  `item8` varchar(10) NOT NULL DEFAULT '' COMMENT '8',
  `item9` varchar(10) NOT NULL DEFAULT '' COMMENT '9',
  `item10` varchar(10) NOT NULL DEFAULT '' COMMENT '10',
  `item11` varchar(10) NOT NULL DEFAULT '' COMMENT '11',
  `item12` varchar(10) NOT NULL DEFAULT '' COMMENT '12',
  PRIMARY KEY (`id`)
) ENGINE=InnoDB AUTO_INCREMENT=350 DEFAULT CHARSET=utf8 COMMENT='三、工资性收入';

/*Data for the table `ym_srdjb_sr5` */

insert  into `ym_srdjb_sr5`(`id`,`fid`,`lb`,`nf`,`item1`,`item2`,`item3`,`item4`,`item5`,`item6`,`item7`,`item8`,`item9`,`item10`,`item11`,`item12`) values (338,262,'22','2020','','1','','','','','','','','','',''),(339,262,'01','2020','','12.13','','','','','','','','','',''),(340,262,'23','2020','2','','','','','','','','','','',''),(341,262,'03','2020','','','','','','','','','','','',''),(342,262,'04','2020','','','','','','','','','','','',''),(343,262,'05','2020','','','','','','','','','','','',''),(344,262,'06','2020','','','','','','','','','','','',''),(345,262,'07','2020','','','','','','','','','','','',''),(346,262,'08','2020','','','','','','','','','','','',''),(347,262,'09','2020','','','','','','','','','','','',''),(348,262,'21','2020','','1.36','','','','','','','','','',''),(349,262,'10','2020','','','','','','','','','','','','');

/*Table structure for table `ym_srdjb_sr9` */

DROP TABLE IF EXISTS `ym_srdjb_sr9`;

CREATE TABLE `ym_srdjb_sr9` (
  `id` int(10) unsigned NOT NULL AUTO_INCREMENT,
  `fid` int(10) unsigned DEFAULT NULL COMMENT '家庭id',
  `lb` char(2) NOT NULL DEFAULT '' COMMENT '类别:01教育保障类；02医疗保障类；03,住房保障类；04，产业奖补类；05，金融类；06，社会保障类；07，保险赔付金；08，残疾人补贴；09，捐赠金、慰问金、短期性赡养金、抚养金；10短期性抚恤金；11其他短期性的政策性补助',
  `nf` char(4) NOT NULL DEFAULT '' COMMENT '年份',
  `item1` varchar(10) NOT NULL DEFAULT '' COMMENT '1',
  `item2` varchar(10) NOT NULL DEFAULT '' COMMENT '2',
  `item3` varchar(10) NOT NULL DEFAULT '' COMMENT '3',
  `item4` varchar(10) NOT NULL DEFAULT '' COMMENT '4',
  `item5` varchar(10) NOT NULL DEFAULT '' COMMENT '5',
  `item6` varchar(10) NOT NULL DEFAULT '' COMMENT '6',
  `item7` varchar(10) NOT NULL DEFAULT '' COMMENT '7',
  `item8` varchar(10) NOT NULL DEFAULT '' COMMENT '8',
  `item9` varchar(10) NOT NULL DEFAULT '' COMMENT '9',
  `item10` varchar(10) NOT NULL DEFAULT '' COMMENT '10',
  `item11` varchar(10) NOT NULL DEFAULT '' COMMENT '11',
  `item12` varchar(10) NOT NULL DEFAULT '' COMMENT '12',
  PRIMARY KEY (`id`)
) ENGINE=InnoDB AUTO_INCREMENT=133 DEFAULT CHARSET=utf8 COMMENT='三、工资性收入';

/*Data for the table `ym_srdjb_sr9` */

insert  into `ym_srdjb_sr9`(`id`,`fid`,`lb`,`nf`,`item1`,`item2`,`item3`,`item4`,`item5`,`item6`,`item7`,`item8`,`item9`,`item10`,`item11`,`item12`) values (122,262,'11','2020','','','','','','','','','','','',''),(123,262,'01','2020','','','','','','','','','','','',''),(124,262,'02','2020','1.22','','','','','','','','','','',''),(125,262,'03','2020','','','','','','','','','','','',''),(126,262,'04','2020','','1','','','','','','','','','',''),(127,262,'05','2020','','','1','','','','','','','','',''),(128,262,'06','2020','','','','','','','','','','','',''),(129,262,'07','2020','','','','','','','','','','','',''),(130,262,'08','2020','','','','','','','','','','','',''),(131,262,'09','2020','','','','','','','','','','','',''),(132,262,'10','2020','','','','','','','','','','','','');

/*Table structure for table `ym_srdjb_zyxsr` */

DROP TABLE IF EXISTS `ym_srdjb_zyxsr`;

CREATE TABLE `ym_srdjb_zyxsr` (
  `id` int(10) unsigned NOT NULL AUTO_INCREMENT,
  `fid` int(10) unsigned DEFAULT NULL COMMENT '贫困户基本信息表id',
  `lb1` tinyint(2) unsigned NOT NULL COMMENT '类别:1计划生育金；2低保金；3,特困供养金；4，养老保险金；5，生态补偿金（林业补贴）；6，困难残疾人生活补贴和重度残疾人护理补贴；7，农业补贴；8，高龄补贴；9，水库移民补贴；10其他长期性的政策性补贴',
  `lb2` char(1) DEFAULT '' COMMENT '类别2：A、B、C类',
  `nf` varchar(10) DEFAULT '' COMMENT '年份',
  `yf` varchar(10) DEFAULT '' COMMENT '月份',
  `je` varchar(20) DEFAULT '' COMMENT '金额',
  PRIMARY KEY (`id`)
) ENGINE=InnoDB DEFAULT CHARSET=utf8 COMMENT='贫困户收入登记表-生产经营性收支\r\n';

/*Data for the table `ym_srdjb_zyxsr` */

/*!40101 SET SQL_MODE=@OLD_SQL_MODE */;
/*!40014 SET FOREIGN_KEY_CHECKS=@OLD_FOREIGN_KEY_CHECKS */;
/*!40014 SET UNIQUE_CHECKS=@OLD_UNIQUE_CHECKS */;
/*!40111 SET SQL_NOTES=@OLD_SQL_NOTES */;
